layer,longitude,lattitude,presence
TRUE,163.1843421,-77.58115116,1
TRUE,163.1911881,-77.58118606,1
TRUE,163.1822231,-77.58132566,1
TRUE,163.1854831,-77.58132566,1
TRUE,163.1740731,-77.58153506,1
TRUE,163.1771701,-77.58156996,1
TRUE,163.1761921,-77.58181426,1
TRUE,163.1773331,-77.58184916,1
TRUE,163.1853201,-77.58188406,1
TRUE,163.1801041,-77.58205856,1
TRUE,163.1887431,-77.58219816,1
TRUE,163.1773331,-77.58223306,1
TRUE,163.2001531,-77.58233776,1
TRUE,163.2068361,-77.58289616,1
TRUE,163.1636411,-77.58293106,1
TRUE,163.1747251,-77.58296596,1
TRUE,163.1621741,-77.58314046,1
TRUE,163.1833641,-77.58338476,1
TRUE,163.1779851,-77.58352436,1
TRUE,163.1577731,-77.58369886,1
TRUE,163.1713021,-77.58387336,1
TRUE,163.1892321,-77.58397806,1
TRUE,163.1830381,-77.58401296,1
TRUE,163.2114001,-77.58408276,1
TRUE,163.1677161,-77.58422236,1
TRUE,163.1849941,-77.58457136,1
TRUE,163.1766811,-77.58495526,1
TRUE,163.1696721,-77.58512976,1
TRUE,163.1920031,-77.58516466,1
TRUE,163.1442441,-77.58565326,1
TRUE,163.1688571,-77.58586266,1
TRUE,163.1535351,-77.58683986,1
TRUE,163.1543501,-77.58690966,1
TRUE,163.2074881,-77.58743316,1
TRUE,163.1497861,-77.58764256,1
TRUE,163.1450591,-77.58778216,1
TRUE,163.1462001,-77.58778216,1
TRUE,163.1437551,-77.58781706,1
TRUE,163.1748881,-77.58781706,1
TRUE,163.1473411,-77.58792176,1
TRUE,163.1447331,-77.58802646,1
TRUE,163.2086291,-77.58823586,1
TRUE,163.1631521,-77.58827076,1
TRUE,163.2255811,-77.58827076,1
TRUE,163.2397621,-77.58841036,1
TRUE,163.1688571,-77.58844526,1
TRUE,163.1902101,-77.58844526,1
TRUE,163.1458741,-77.58854996,1
TRUE,163.1548391,-77.58854996,1
TRUE,163.2092811,-77.58854996,1
TRUE,163.2412291,-77.58882916,1
TRUE,163.1435921,-77.58886406,1
TRUE,163.1882541,-77.58896876,1
TRUE,163.1227281,-77.58900366,1
TRUE,163.2430221,-77.58907346,1
TRUE,163.1558171,-77.58914326,1
TRUE,163.1546761,-77.58956206,1
TRUE,163.2472601,-77.58963186,1
TRUE,163.1607071,-77.58966676,1
TRUE,163.1595661,-77.58980636,1
TRUE,163.2436741,-77.58980636,1
TRUE,163.1616851,-77.58987616,1
TRUE,163.1633151,-77.58994596,1
TRUE,163.1237061,-77.59008556,1
TRUE,163.1233801,-77.59036476,1
TRUE,163.1170231,-77.59039966,1
TRUE,163.1406581,-77.59071376,1
TRUE,163.1228911,-77.59081846,1
TRUE,163.1434291,-77.59095806,1
TRUE,163.2611151,-77.59123726,1
TRUE,163.1245211,-77.59137686,1
TRUE,163.2262331,-77.59148156,1
TRUE,163.1025161,-77.59210976,1
TRUE,163.1580991,-77.59249366,1
TRUE,163.1056131,-77.59263326,1
TRUE,163.0906171,-77.59266816,1
TRUE,163.0927361,-77.59284266,1
TRUE,163.0930621,-77.59308696,1
TRUE,163.0961591,-77.59326146,1
TRUE,163.0907801,-77.59336616,1
TRUE,163.0951811,-77.59347086,1
TRUE,163.0942031,-77.59354066,1
TRUE,163.1734211,-77.59354066,1
TRUE,163.2448151,-77.59354066,1
TRUE,163.0956701,-77.59381986,1
TRUE,163.0968111,-77.59381986,1
TRUE,163.1202831,-77.59399436,1
TRUE,163.0937141,-77.59409906,1
TRUE,163.0943661,-77.59423866,1
TRUE,163.0922471,-77.59441316,1
TRUE,163.0946921,-77.59441316,1
TRUE,163.0984411,-77.59441316,1
TRUE,163.0987671,-77.59458766,1
TRUE,163.0915951,-77.59465746,1
TRUE,163.0953441,-77.59472726,1
TRUE,163.0790441,-77.59479706,1
TRUE,163.0762731,-77.59483196,1
TRUE,163.2606261,-77.59500646,1
TRUE,163.0987671,-77.59521586,1
TRUE,163.1023531,-77.59528566,1
TRUE,163.0801851,-77.59539036,1
TRUE,163.0748061,-77.59542526,1
TRUE,163.1005601,-77.59552996,1
TRUE,163.0782291,-77.59556486,1
TRUE,163.0806741,-77.59573936,1
TRUE,163.1028421,-77.59580916,1
TRUE,163.1044721,-77.59587896,1
TRUE,163.0976261,-77.59598366,1
TRUE,163.0981151,-77.59615816,1
TRUE,163.2519871,-77.59622796,1
TRUE,163.0743171,-77.59626286,1
TRUE,163.2438371,-77.59626286,1
TRUE,163.0808371,-77.59647226,1
TRUE,163.0928991,-77.59664676,1
TRUE,163.1043091,-77.59668166,1
TRUE,163.0938771,-77.59671656,1
TRUE,163.0932251,-77.59685616,1
TRUE,163.1033311,-77.59713536,1
TRUE,163.0782291,-77.59717026,1
TRUE,163.2691021,-77.59751926,1
TRUE,163.3175131,-77.59755416,1
TRUE,163.1054501,-77.59776356,1
TRUE,163.1067541,-77.59797296,1
TRUE,163.1085471,-77.59807766,1
TRUE,163.0995821,-77.59814746,1
TRUE,163.3153941,-77.59814746,1
TRUE,163.0477481,-77.59835686,1
TRUE,163.2669831,-77.59842666,1
TRUE,163.1103401,-77.59846156,1
TRUE,163.3088741,-77.59846156,1
TRUE,163.0635591,-77.59849646,1
TRUE,163.1478301,-77.59849646,1
TRUE,163.0927361,-77.59853136,1
TRUE,163.2681241,-77.59853136,1
TRUE,163.2668201,-77.59863606,1
TRUE,163.0933881,-77.59867096,1
TRUE,163.2242771,-77.59870586,1
TRUE,163.2353611,-77.59874076,1
TRUE,163.2660051,-77.59874076,1
TRUE,163.2440001,-77.59877566,1
TRUE,163.2679611,-77.59877566,1
TRUE,163.1109921,-77.59888036,1
TRUE,163.0987671,-77.59895016,1
TRUE,163.2655161,-77.59898506,1
TRUE,163.1832011,-77.59901996,1
TRUE,163.1866241,-77.59901996,1
TRUE,163.1877651,-77.59926426,1
TRUE,163.0990931,-77.59936896,1
TRUE,163.1893951,-77.59936896,1
TRUE,163.0896391,-77.59940386,1
TRUE,163.2651901,-77.59943876,1
TRUE,163.2202021,-77.59947366,1
TRUE,163.1121331,-77.59950856,1
TRUE,163.2643751,-77.59954346,1
TRUE,163.1030051,-77.59961326,1
TRUE,163.0964851,-77.59978776,1
TRUE,163.0599731,-77.59982266,1
TRUE,163.1036571,-77.59985756,1
TRUE,163.1007231,-77.59992736,1
TRUE,163.2236251,-77.59999716,1
TRUE,163.0968111,-77.60003206,1
TRUE,163.0361751,-77.60006696,1
TRUE,163.1010491,-77.60013676,1
TRUE,163.0376421,-77.60020656,1
TRUE,163.1166971,-77.60031126,1
TRUE,163.1017011,-77.60034616,1
TRUE,163.0749691,-77.60041596,1
TRUE,163.0402501,-77.60048576,1
TRUE,163.1021901,-77.60052066,1
TRUE,163.1025161,-77.60079986,1
TRUE,163.1905361,-77.60079986,1
TRUE,163.2167791,-77.60079986,1
TRUE,163.1204461,-77.60114886,1
TRUE,163.0806741,-77.60121866,1
TRUE,163.1874391,-77.60121866,1
TRUE,163.1810821,-77.60139316,1
TRUE,163.1579361,-77.60146296,1
TRUE,163.0257431,-77.60153276,1
TRUE,163.0731761,-77.60153276,1
TRUE,163.0446511,-77.60163746,1
TRUE,163.1830381,-77.60177706,1
TRUE,163.1633151,-77.60247506,1
TRUE,163.1227281,-77.60254486,1
TRUE,163.1665751,-77.60261466,1
TRUE,163.2242771,-77.60278916,1
TRUE,163.1835271,-77.60282406,1
TRUE,163.2211801,-77.60310326,1
TRUE,163.1662491,-77.60313816,1
TRUE,163.2684501,-77.60313816,1
TRUE,163.2757851,-77.60313816,1
TRUE,163.1525571,-77.60317306,1
TRUE,163.1752141,-77.60324286,1
TRUE,163.1621741,-77.60327776,1
TRUE,163.1701611,-77.60327776,1
TRUE,163.2216691,-77.60331266,1
TRUE,163.0720351,-77.60338246,1
TRUE,163.1784741,-77.60341736,1
TRUE,163.1748881,-77.60352206,1
TRUE,163.2206911,-77.60362676,1
TRUE,163.3282711,-77.60383616,1
TRUE,163.1727691,-77.60387106,1
TRUE,163.1734211,-77.60425496,1
TRUE,163.1957521,-77.60456906,1
TRUE,163.2200391,-77.60502276,1
TRUE,163.1923291,-77.60509256,1
TRUE,163.1797781,-77.60516236,1
TRUE,163.2167791,-77.60516236,1
TRUE,163.2585071,-77.60516236,1
TRUE,162.9970551,-77.60519726,1
TRUE,163.2301451,-77.60519726,1
TRUE,163.1225651,-77.60526706,1
TRUE,163.1323451,-77.60526706,1
TRUE,163.1789631,-77.60540666,1
TRUE,163.1825491,-77.60551136,1
TRUE,163.1781481,-77.60554626,1
TRUE,163.1768441,-77.60558116,1
TRUE,163.1253361,-77.60568586,1
TRUE,163.1796151,-77.60572076,1
TRUE,163.1836901,-77.60572076,1
TRUE,163.0027601,-77.60575566,1
TRUE,163.2148231,-77.60589526,1
TRUE,162.9929801,-77.60610466,1
TRUE,163.1810821,-77.60610466,1
TRUE,163.1833641,-77.60610466,1
TRUE,162.9941211,-77.60627916,1
TRUE,163.1817341,-77.60627916,1
TRUE,163.1189791,-77.60631406,1
TRUE,162.9929801,-77.60638386,1
TRUE,162.9954251,-77.60645366,1
TRUE,163.1227281,-77.60645366,1
TRUE,163.1810821,-77.60645366,1
TRUE,163.1181641,-77.60652346,1
TRUE,162.9955881,-77.60666306,1
TRUE,163.1853201,-77.60666306,1
TRUE,163.0009671,-77.60669796,1
TRUE,162.9936321,-77.60673286,1
TRUE,163.0594841,-77.60673286,1
TRUE,163.0632331,-77.60683756,1
TRUE,163.1832011,-77.60701206,1
TRUE,162.9924911,-77.60704696,1
TRUE,163.2100961,-77.60711676,1
TRUE,163.1977081,-77.60746576,1
TRUE,163.1095251,-77.60757046,1
TRUE,163.1851571,-77.60760536,1
TRUE,163.2534541,-77.60764026,1
TRUE,163.2572031,-77.60784966,1
TRUE,163.1822231,-77.60788456,1
TRUE,162.9965661,-77.60795436,1
TRUE,163.3202841,-77.60802416,1
TRUE,163.1615221,-77.60816376,1
TRUE,162.9988481,-77.60823356,1
TRUE,163.2384581,-77.60830336,1
TRUE,163.2550841,-77.60830336,1
TRUE,163.1667381,-77.60847786,1
TRUE,162.9964031,-77.60854766,1
TRUE,163.1670641,-77.60865236,1
TRUE,163.1595661,-77.60868726,1
TRUE,162.9939581,-77.60875706,1
TRUE,163.1626631,-77.60882686,1
TRUE,162.9965661,-77.60889666,1
TRUE,162.9991741,-77.60893156,1
TRUE,162.9999891,-77.60900136,1
TRUE,163.1908621,-77.60903626,1
TRUE,163.0008041,-77.60907116,1
TRUE,163.1644561,-77.60914096,1
TRUE,163.1859721,-77.60917586,1
TRUE,163.0964851,-77.60921076,1
TRUE,163.2345461,-77.60931546,1
TRUE,163.2008051,-77.60938526,1
TRUE,163.0001521,-77.60942016,1
TRUE,163.0011301,-77.60952486,1
TRUE,163.2347091,-77.60959466,1
TRUE,163.1983601,-77.60966446,1
TRUE,163.0021081,-77.60973426,1
TRUE,163.1995011,-77.60990876,1
TRUE,163.0047161,-77.60994366,1
TRUE,163.2541061,-77.61001346,1
TRUE,162.9996631,-77.61011816,1
TRUE,163.1981971,-77.61011816,1
TRUE,163.2024351,-77.61018796,1
TRUE,163.2014571,-77.61022286,1
TRUE,163.2153121,-77.61036246,1
TRUE,163.0104211,-77.61043226,1
TRUE,163.0043901,-77.61050206,1
TRUE,163.0112361,-77.61053696,1
TRUE,163.2014571,-77.61060676,1
TRUE,163.0061831,-77.61071146,1
TRUE,163.1975451,-77.61074636,1
TRUE,163.0943661,-77.61085106,1
TRUE,163.2296561,-77.61106046,1
TRUE,163.2171051,-77.61113026,1
TRUE,163.0052051,-77.61144436,1
TRUE,163.0153111,-77.61151416,1
TRUE,163.1915141,-77.61158396,1
TRUE,163.1967301,-77.61161886,1
TRUE,163.2881731,-77.61165376,1
TRUE,163.0932251,-77.61175846,1
TRUE,163.1519051,-77.61179336,1
TRUE,163.1916771,-77.61186316,1
TRUE,163.0925731,-77.61189806,1
TRUE,163.1986861,-77.61196786,1
TRUE,163.2055321,-77.61210746,1
TRUE,163.1970561,-77.61214236,1
TRUE,163.2327531,-77.61214236,1
TRUE,163.2083031,-77.61217726,1
TRUE,163.2045541,-77.61221216,1
TRUE,163.1897211,-77.61224706,1
TRUE,163.2066731,-77.61224706,1
TRUE,163.0244391,-77.61235176,1
TRUE,163.0255801,-77.61235176,1
TRUE,163.2335681,-77.61238666,1
TRUE,163.0267211,-77.61242156,1
TRUE,163.1993381,-77.61245646,1
TRUE,163.0167781,-77.61249136,1
TRUE,163.0280251,-77.61249136,1
TRUE,163.0886611,-77.61249136,1
TRUE,163.0221571,-77.61252626,1
TRUE,163.0290031,-77.61252626,1
TRUE,163.2079771,-77.61252626,1
TRUE,163.2012941,-77.61256116,1
TRUE,163.0272101,-77.61263096,1
TRUE,163.1973821,-77.61263096,1
TRUE,163.2055321,-77.61263096,1
TRUE,163.0343821,-77.61266586,1
TRUE,163.1576101,-77.61266586,1
TRUE,163.0286771,-77.61270076,1
TRUE,163.0298181,-77.61273566,1
TRUE,163.0324261,-77.61277056,1
TRUE,163.1672271,-77.61277056,1
TRUE,163.2063471,-77.61277056,1
TRUE,163.0276991,-77.61284036,1
TRUE,163.0309591,-77.61287526,1
TRUE,163.2034131,-77.61291016,1
TRUE,163.0286771,-77.61294506,1
TRUE,163.0260691,-77.61297996,1
TRUE,163.0319371,-77.61301486,1
TRUE,163.0358491,-77.61301486,1
TRUE,163.0371531,-77.61301486,1
TRUE,163.0298181,-77.61304976,1
TRUE,163.0329151,-77.61308466,1
TRUE,163.0381311,-77.61308466,1
TRUE,163.0475851,-77.61308466,1
TRUE,163.0340561,-77.61311956,1
TRUE,163.0392721,-77.61315446,1
TRUE,163.0407391,-77.61315446,1
TRUE,163.0484001,-77.61315446,1
TRUE,163.2034131,-77.61315446,1
TRUE,163.0420431,-77.61322426,1
TRUE,163.2021091,-77.61322426,1
TRUE,163.0311221,-77.61325916,1
TRUE,163.0332411,-77.61325916,1
TRUE,163.0348711,-77.61329406,1
TRUE,163.0358491,-77.61329406,1
TRUE,163.0430211,-77.61329406,1
TRUE,163.2572031,-77.61329406,1
TRUE,163.0319371,-77.61332896,1
TRUE,163.1931441,-77.61332896,1
TRUE,163.0492151,-77.61336386,1
TRUE,163.0340561,-77.61339876,1
TRUE,163.0448141,-77.61339876,1
TRUE,163.0528011,-77.61339876,1
TRUE,163.2047171,-77.61339876,1
TRUE,163.0439991,-77.61350346,1
TRUE,163.0501931,-77.61350346,1
TRUE,163.0363381,-77.61353836,1
TRUE,163.1766811,-77.61353836,1
TRUE,163.0351971,-77.61357326,1
TRUE,163.0392721,-77.61357326,1
TRUE,163.1981971,-77.61357326,1
TRUE,163.0407391,-77.61360816,1
TRUE,163.1789631,-77.61364306,1
TRUE,163.0384571,-77.61367796,1
TRUE,163.0417171,-77.61367796,1
TRUE,163.0371531,-77.61371286,1
TRUE,163.2575291,-77.61371286,1
TRUE,163.0360121,-77.61374776,1
TRUE,163.2043911,-77.61374776,1
TRUE,163.0438361,-77.61378266,1
TRUE,163.0404131,-77.61385246,1
TRUE,163.0558981,-77.61385246,1
TRUE,163.0374791,-77.61388736,1
TRUE,163.2029241,-77.61388736,1
TRUE,163.0394351,-77.61392226,1
TRUE,163.0430211,-77.61395716,1
TRUE,163.0417171,-77.61402696,1
TRUE,163.0382941,-77.61406186,1
TRUE,163.2047171,-77.61406186,1
TRUE,163.0803481,-77.61409676,1
TRUE,163.0814891,-77.61409676,1
TRUE,163.1832011,-77.61413166,1
TRUE,163.2686131,-77.61413166,1
TRUE,163.0787181,-77.61416656,1
TRUE,163.2034131,-77.61416656,1
TRUE,163.0573651,-77.61420146,1
TRUE,163.2004791,-77.61420146,1
TRUE,163.2068361,-77.61420146,1
TRUE,163.0389461,-77.61427126,1
TRUE,163.0583431,-77.61427126,1
TRUE,163.2609521,-77.61427126,1
TRUE,163.0775771,-77.61430616,1
TRUE,163.0405761,-77.61434106,1
TRUE,163.0589951,-77.61441086,1
TRUE,163.2616041,-77.61441086,1
TRUE,163.2024351,-77.61444576,1
TRUE,163.2011311,-77.61448066,1
TRUE,163.2395991,-77.61448066,1
TRUE,163.0764361,-77.61451556,1
TRUE,163.0392721,-77.61455046,1
TRUE,163.0606251,-77.61455046,1
TRUE,163.2625821,-77.61455046,1
TRUE,163.0371531,-77.61458536,1
TRUE,163.0594841,-77.61458536,1
TRUE,163.0717091,-77.61458536,1
TRUE,163.0726871,-77.61462026,1
TRUE,163.2633971,-77.61462026,1
TRUE,163.0651891,-77.61465516,1
TRUE,163.0738281,-77.61465516,1
TRUE,163.1955891,-77.61465516,1
TRUE,163.2006421,-77.61465516,1
TRUE,163.0400871,-77.61469006,1
TRUE,163.0705681,-77.61469006,1
TRUE,163.2400881,-77.61469006,1
TRUE,163.0602991,-77.61472496,1
TRUE,163.0695901,-77.61472496,1
TRUE,163.0614401,-77.61475986,1
TRUE,163.0749691,-77.61475986,1
TRUE,163.0718721,-77.61479476,1
TRUE,163.0731761,-77.61479476,1
TRUE,163.0625811,-77.61482966,1
TRUE,163.2638861,-77.61482966,1
TRUE,163.0405761,-77.61493436,1
TRUE,163.0694271,-77.61493436,1
TRUE,163.0395981,-77.61496926,1
TRUE,163.0707311,-77.61496926,1
TRUE,163.0721981,-77.61500416,1
TRUE,163.0738281,-77.61500416,1
TRUE,163.1967301,-77.61507396,1
TRUE,163.1753771,-77.61510886,1
TRUE,163.0420431,-77.61514376,1
TRUE,163.0695901,-77.61514376,1
TRUE,163.0731761,-77.61514376,1
TRUE,163.3360951,-77.61514376,1
TRUE,163.0392721,-77.61517866,1
TRUE,163.0708941,-77.61517866,1
TRUE,163.0409021,-77.61521356,1
TRUE,163.0718721,-77.61521356,1
TRUE,163.0415541,-77.61535316,1
TRUE,163.0700791,-77.61535316,1
TRUE,163.0728501,-77.61535316,1
TRUE,163.1362571,-77.61535316,1
TRUE,163.0405761,-77.61542296,1
TRUE,163.0717091,-77.61542296,1
TRUE,163.0694271,-77.61549276,1
TRUE,163.1941221,-77.61549276,1
TRUE,163.0417171,-77.61556256,1
TRUE,163.0712201,-77.61559746,1
TRUE,163.1507641,-77.61563236,1
TRUE,163.1849941,-77.61563236,1
TRUE,163.0405761,-77.61570216,1
TRUE,163.1677161,-77.61573706,1
TRUE,163.1910251,-77.61573706,1
TRUE,163.0420431,-77.61577196,1
TRUE,163.0394351,-77.61580686,1
TRUE,163.1820601,-77.61580686,1
TRUE,163.2691021,-77.61580686,1
TRUE,163.0412281,-77.61584176,1
TRUE,163.0402501,-77.61587666,1
TRUE,163.1799411,-77.61591156,1
TRUE,163.2697541,-77.61594646,1
TRUE,163.1673901,-77.61598136,1
TRUE,163.1906991,-77.61598136,1
TRUE,163.1949371,-77.61601626,1
TRUE,163.0420431,-77.61605116,1
TRUE,163.1832011,-77.61605116,1
TRUE,163.0405761,-77.61612096,1
TRUE,163.0860531,-77.61612096,1
TRUE,163.2702431,-77.61615586,1
TRUE,163.2720361,-77.61619076,1
TRUE,163.0426951,-77.61622566,1
TRUE,163.0849121,-77.61622566,1
TRUE,163.1908621,-77.61622566,1
TRUE,163.2710581,-77.61622566,1
TRUE,163.0413911,-77.61626056,1
TRUE,163.0405761,-77.61633036,1
TRUE,163.1942851,-77.61643506,1
TRUE,163.3344651,-77.61643506,1
TRUE,163.1993381,-77.61646996,1
TRUE,163.0829561,-77.61650486,1
TRUE,163.0876831,-77.61653976,1
TRUE,163.0837711,-77.61657466,1
TRUE,163.0635591,-77.61664446,1
TRUE,163.1913511,-77.61671426,1
TRUE,163.0958331,-77.61688876,1
TRUE,163.1424511,-77.61688876,1
TRUE,163.0619291,-77.61692366,1
TRUE,163.1818971,-77.61702836,1
TRUE,163.1828751,-77.61702836,1
TRUE,163.0462811,-77.61713306,1
TRUE,163.1802671,-77.61720286,1
TRUE,163.3339761,-77.61720286,1
TRUE,163.3347911,-77.61727266,1
TRUE,163.0430211,-77.61730756,1
TRUE,163.1323451,-77.61730756,1
TRUE,163.1506011,-77.61730756,1
TRUE,163.0479111,-77.61734246,1
TRUE,163.1582621,-77.61741226,1
TRUE,163.0744801,-77.61744716,1
TRUE,163.0951811,-77.61744716,1
TRUE,163.1017011,-77.61744716,1
TRUE,163.0487261,-77.61748206,1
TRUE,163.2532911,-77.61751696,1
TRUE,163.1308781,-77.61765656,1
TRUE,163.0795331,-77.61772636,1
TRUE,163.0976261,-77.61772636,1
TRUE,163.0989301,-77.61772636,1
TRUE,163.1541871,-77.61783106,1
TRUE,163.3320201,-77.61786596,1
TRUE,163.3310421,-77.61790086,1
TRUE,163.0940401,-77.61793576,1
TRUE,163.3299011,-77.61804046,1
TRUE,163.1282701,-77.61814516,1
TRUE,163.2557361,-77.61824986,1
TRUE,163.0503561,-77.61849416,1
TRUE,163.1365831,-77.61866866,1
TRUE,163.1064281,-77.61884316,1
TRUE,163.1082211,-77.61887806,1
TRUE,163.2821421,-77.61891296,1
TRUE,163.1504381,-77.61898276,1
TRUE,163.2852391,-77.61908746,1
TRUE,163.2567141,-77.61926196,1
TRUE,163.3134381,-77.61936666,1
TRUE,163.0834451,-77.61975056,1
TRUE,163.2839351,-77.61989016,1
TRUE,163.2937151,-77.61989016,1
TRUE,163.2603001,-77.61995996,1
TRUE,163.2614411,-77.61995996,1
TRUE,163.2591591,-77.61999486,1
TRUE,163.0575281,-77.62002976,1
TRUE,163.2624191,-77.62002976,1
TRUE,163.0888241,-77.62006466,1
TRUE,163.1501121,-77.62016936,1
TRUE,163.0712201,-77.62020426,1
TRUE,163.0871941,-77.62023916,1
TRUE,163.1093621,-77.62023916,1
TRUE,163.1113181,-77.62030896,1
TRUE,163.0733391,-77.62034386,1
TRUE,163.1077321,-77.62034386,1
TRUE,163.1134371,-77.62044856,1
TRUE,163.1069171,-77.62051836,1
TRUE,163.1152301,-77.62062306,1
TRUE,163.2640491,-77.62069286,1
TRUE,163.2650271,-77.62090226,1
TRUE,163.2956711,-77.62093716,1
TRUE,163.1144151,-77.62097206,1
TRUE,163.1091991,-77.62111166,1
TRUE,163.1171861,-77.62139086,1
TRUE,163.2940411,-77.62149556,1
TRUE,163.1181641,-77.62160026,1
TRUE,163.1228911,-77.62167006,1
TRUE,163.2875211,-77.62173986,1
TRUE,163.1020271,-77.62184456,1
TRUE,163.2069991,-77.62184456,1
TRUE,163.0697531,-77.62198416,1
TRUE,163.2715471,-77.62205396,1
TRUE,163.1228911,-77.62208886,1
TRUE,163.1160451,-77.62212376,1
TRUE,163.0689381,-77.62226336,1
TRUE,163.1170231,-77.62226336,1
TRUE,163.2757851,-77.62229826,1
TRUE,163.1209351,-77.62236806,1
TRUE,163.2223211,-77.62240296,1
TRUE,163.1194681,-77.62247276,1
TRUE,163.2767631,-77.62247276,1
TRUE,163.0647001,-77.62257746,1
TRUE,163.1202831,-77.62257746,1
TRUE,163.2774151,-77.62271706,1
TRUE,163.1214241,-77.62275196,1
TRUE,163.1281071,-77.62278686,1
TRUE,163.2782301,-77.62282176,1
TRUE,163.3003981,-77.62282176,1
TRUE,163.1155561,-77.62285666,1
TRUE,163.0617661,-77.62289156,1
TRUE,163.1220761,-77.62289156,1
TRUE,163.1126221,-77.62292646,1
TRUE,163.0607881,-77.62299626,1
TRUE,163.1163711,-77.62299626,1
TRUE,163.1096881,-77.62306606,1
TRUE,163.2660051,-77.62306606,1
TRUE,163.1188161,-77.62310096,1
TRUE,163.0581801,-77.62313586,1
TRUE,163.2651901,-77.62313586,1
TRUE,163.1176751,-77.62320566,1
TRUE,163.2666571,-77.62320566,1
TRUE,163.1096881,-77.62331036,1
TRUE,163.0565501,-77.62338016,1
TRUE,163.0547571,-77.62348486,1
TRUE,163.1105031,-77.62348486,1
TRUE,163.1119701,-77.62348486,1
TRUE,163.1856461,-77.62355466,1
TRUE,163.0555721,-77.62358956,1
TRUE,163.0541051,-77.62362446,1
TRUE,163.1872761,-77.62383386,1
TRUE,163.2717101,-77.62383386,1
TRUE,163.2725251,-77.62390366,1
TRUE,163.0536161,-77.62393856,1
TRUE,163.2733401,-77.62397346,1
TRUE,163.0531271,-77.62414796,1
TRUE,163.0542681,-77.62414796,1
TRUE,163.1882541,-77.62414796,1
TRUE,163.2748071,-77.62414796,1
TRUE,163.0526381,-77.62432246,1
TRUE,163.1885801,-77.62432246,1
TRUE,163.2840981,-77.62435736,1
TRUE,163.2751331,-77.62463656,1
TRUE,163.2466081,-77.62474126,1
TRUE,163.2759481,-77.62491576,1
TRUE,163.2774151,-77.62519496,1
TRUE,163.2888251,-77.62519496,1
TRUE,163.0493781,-77.62529966,1
TRUE,163.2037391,-77.62557886,1
TRUE,163.2886621,-77.62561376,1
TRUE,163.2027611,-77.62564866,1
TRUE,163.2827941,-77.62575336,1
TRUE,163.2847501,-77.62575336,1
TRUE,163.2857281,-77.62575336,1
TRUE,163.0488891,-77.62578826,1
TRUE,163.2884991,-77.62582316,1
TRUE,163.2034131,-77.62585806,1
TRUE,163.2871951,-77.62585806,1
TRUE,163.2834461,-77.62589296,1
TRUE,163.2862171,-77.62599766,1
TRUE,163.2880101,-77.62599766,1
TRUE,163.2039021,-77.62603256,1
TRUE,163.2847501,-77.62603256,1
TRUE,163.2865431,-77.62617216,1
TRUE,163.2040651,-77.62624196,1
TRUE,163.2875211,-77.62641646,1
TRUE,163.2863801,-77.62645136,1
TRUE,163.2045541,-77.62652116,1
TRUE,163.2637231,-77.62655606,1
TRUE,163.2881731,-77.62659096,1
TRUE,163.2852391,-77.62662586,1
TRUE,163.2870321,-77.62662586,1
TRUE,163.2052061,-77.62669566,1
TRUE,163.2645381,-77.62673056,1
TRUE,163.2862171,-77.62673056,1
TRUE,163.2063471,-77.62676546,1
TRUE,163.2700801,-77.62676546,1
TRUE,163.2635601,-77.62680036,1
TRUE,163.2883361,-77.62680036,1
TRUE,163.2871951,-77.62687016,1
TRUE,163.2055321,-77.62690506,1
TRUE,163.2850761,-77.62693996,1
TRUE,163.2073251,-77.62700976,1
TRUE,163.2632341,-77.62700976,1
TRUE,163.2818161,-77.62700976,1
TRUE,163.2860541,-77.62700976,1
TRUE,163.2705691,-77.62704466,1
TRUE,163.2876841,-77.62707956,1
TRUE,163.2063471,-77.62714936,1
TRUE,163.2855651,-77.62718426,1
TRUE,163.2635601,-77.62721916,1
TRUE,163.2867061,-77.62725406,1
TRUE,163.2813271,-77.62728896,1
TRUE,163.2857281,-77.62739366,1
TRUE,163.2876841,-77.62739366,1
TRUE,163.2803491,-77.62742856,1
TRUE,163.2868691,-77.62746346,1
TRUE,163.2849131,-77.62753326,1
TRUE,163.2087921,-77.62760306,1
TRUE,163.2857281,-77.62770776,1
TRUE,163.2875211,-77.62770776,1
TRUE,163.2091181,-77.62781246,1
TRUE,163.0244391,-77.62784736,1
TRUE,163.2863801,-77.62784736,1
TRUE,163.2099331,-77.62791716,1
TRUE,163.0426951,-77.62802186,1
TRUE,163.2091181,-77.62812656,1
TRUE,163.2616041,-77.62819636,1
TRUE,163.2097701,-77.62826616,1
TRUE,163.2089551,-77.62833596,1
TRUE,163.2668201,-77.62847556,1
TRUE,163.2094441,-77.62854536,1
TRUE,163.2104221,-77.62854536,1
TRUE,163.0374791,-77.62875476,1
TRUE,163.2099331,-77.62892926,1
TRUE,163.0366641,-77.62906886,1
TRUE,163.2097701,-77.62917356,1
TRUE,163.2105851,-77.62924336,1
TRUE,163.2099331,-77.62945276,1
TRUE,163.2104221,-77.62969706,1
TRUE,163.2594851,-77.62976686,1
TRUE,163.2110741,-77.62983666,1
TRUE,163.2578551,-77.62987156,1
TRUE,163.0303071,-77.62990646,1
TRUE,163.2586701,-77.62994136,1
TRUE,163.2102591,-77.62997626,1
TRUE,163.0293291,-77.63001116,1
TRUE,163.2114001,-77.63004606,1
TRUE,163.2554101,-77.63004606,1
TRUE,163.1820601,-77.63015076,1
TRUE,163.2104221,-77.63025546,1
TRUE,163.0294921,-77.63029036,1
TRUE,163.2112371,-77.63039506,1
TRUE,163.1825491,-77.63042996,1
TRUE,163.2539431,-77.63046486,1
TRUE,163.2109111,-77.63056956,1
TRUE,163.2118891,-77.63067426,1
TRUE,163.0239501,-77.63070916,1
TRUE,163.0255801,-77.63074406,1
TRUE,163.2536171,-77.63074406,1
TRUE,163.0213421,-77.63081386,1
TRUE,163.0224831,-77.63084876,1
TRUE,163.2110741,-77.63084876,1
TRUE,163.0200381,-77.63088366,1
TRUE,163.1088731,-77.63095346,1
TRUE,163.0206901,-77.63102326,1
TRUE,163.1833641,-77.63102326,1
TRUE,163.2117261,-77.63102326,1
TRUE,163.2531281,-77.63102326,1
TRUE,163.0185711,-77.63109306,1
TRUE,163.2105851,-77.63109306,1
TRUE,163.2523131,-77.63109306,1
TRUE,163.2097701,-77.63119776,1
TRUE,163.2528021,-77.63126756,1
TRUE,163.2114001,-77.63130246,1
TRUE,163.1828751,-77.63133736,1
TRUE,163.2104221,-77.63137226,1
TRUE,163.2325901,-77.63140716,1
TRUE,163.2094441,-77.63151186,1
TRUE,163.2107481,-77.63158166,1
TRUE,163.2325901,-77.63175616,1
TRUE,163.2506831,-77.63179106,1
TRUE,163.1127851,-77.63193066,1
TRUE,163.2329161,-77.63193066,1
TRUE,163.2500311,-77.63207026,1
TRUE,163.2118891,-77.63210516,1
TRUE,163.2348721,-77.63214006,1
TRUE,163.2358501,-77.63214006,1
TRUE,163.2122151,-77.63227966,1
TRUE,163.2133561,-77.63238436,1
TRUE,163.2358501,-77.63238436,1
TRUE,163.2334051,-77.63248906,1
TRUE,163.2127041,-77.63259376,1
TRUE,163.2136821,-77.63259376,1
TRUE,163.2141711,-77.63283806,1
TRUE,163.2130301,-77.63287296,1
TRUE,163.2149861,-77.63301256,1
TRUE,163.2138451,-77.63311726,1
TRUE,163.2141711,-77.63329176,1
TRUE,163.2154751,-77.63339646,1
TRUE,163.2148231,-77.63353606,1
TRUE,163.2159641,-77.63374546,1
TRUE,163.2198761,-77.63378036,1
TRUE,163.2218321,-77.63378036,1
TRUE,163.2384581,-77.63381526,1
TRUE,163.2208541,-77.63388506,1
TRUE,163.2286781,-77.63388506,1
TRUE,163.2392731,-77.63391996,1
TRUE,163.2219951,-77.63402466,1
TRUE,163.2379691,-77.63405956,1
TRUE,163.2162901,-77.63409446,1
TRUE,163.2211801,-77.63409446,1
TRUE,163.2324271,-77.63409446,1
TRUE,163.2312861,-77.63412936,1
TRUE,163.2335681,-77.63412936,1
TRUE,163.2371541,-77.63416426,1
TRUE,163.2275371,-77.63419916,1
TRUE,163.2263961,-77.63423406,1
TRUE,163.2154751,-77.63426896,1
TRUE,163.2167791,-77.63426896,1
TRUE,163.2252551,-77.63426896,1
TRUE,163.2206911,-77.63430386,1
TRUE,163.2218321,-77.63430386,1
TRUE,163.2228101,-77.63430386,1
TRUE,163.2239511,-77.63430386,1
TRUE,163.2317751,-77.63430386,1
TRUE,163.2330791,-77.63430386,1
TRUE,163.2343831,-77.63430386,1
TRUE,163.2270481,-77.63437366,1
TRUE,163.2283521,-77.63437366,1
TRUE,163.2301451,-77.63440856,1
TRUE,163.2353611,-77.63440856,1
TRUE,163.2365021,-77.63440856,1
TRUE,163.2210171,-77.63447836,1
TRUE,163.2221581,-77.63451326,1
TRUE,163.2161271,-77.63454816,1
TRUE,163.2250921,-77.63454816,1
TRUE,163.2345461,-77.63454816,1
TRUE,163.2278631,-77.63458306,1
TRUE,163.1181641,-77.63461796,1
TRUE,163.2202021,-77.63461796,1
TRUE,163.2288411,-77.63461796,1
TRUE,163.2356871,-77.63461796,1
TRUE,163.2167791,-77.63475756,1
TRUE,163.2211801,-77.63475756,1
TRUE,163.1184901,-77.63479246,1
TRUE,163.2158011,-77.63489716,1
TRUE,163.2203651,-77.63489716,1
TRUE,163.2216691,-77.63493206,1
TRUE,163.2180831,-77.63500186,1
TRUE,163.2151491,-77.63503676,1
TRUE,163.2193871,-77.63503676,1
TRUE,163.2167791,-77.63507166,1
TRUE,163.2200391,-77.63517636,1
TRUE,163.2158011,-77.63521126,1
TRUE,163.2184091,-77.63521126,1
TRUE,163.2172681,-77.63528106,1
TRUE,163.2143341,-77.63535086,1
TRUE,163.2164531,-77.63542066,1
TRUE,163.2154751,-77.63545556,1
TRUE,163.2236251,-77.63545556,1
TRUE,163.1804301,-77.63549046,1
TRUE,163.2146601,-77.63559516,1
TRUE,163.1810821,-77.63566496,1
TRUE,163.2166161,-77.63566496,1
TRUE,163.1797781,-77.63573476,1
TRUE,163.1786371,-77.63576966,1
TRUE,163.2153121,-77.63576966,1
TRUE,163.2143341,-77.63583946,1
TRUE,163.1778221,-77.63594416,1
TRUE,163.2135191,-77.63597906,1
TRUE,163.1788001,-77.63601396,1
TRUE,163.2151491,-77.63604886,1
TRUE,163.2208541,-77.63608376,1
TRUE,163.1771701,-77.63615356,1
TRUE,163.2143341,-77.63618846,1
TRUE,163.2231361,-77.63618846,1
TRUE,163.2128671,-77.63625826,1
TRUE,163.2143341,-77.63643276,1
TRUE,163.2140081,-77.63660726,1
TRUE,163.2128671,-77.63678176,1
TRUE,163.0325891,-77.63692136,1
TRUE,163.2278631,-77.63709586,1
TRUE,163.2102591,-77.63716566,1
TRUE,163.2087921,-77.63779386,1
TRUE,163.1008861,-77.63800326,1
TRUE,163.1285961,-77.63842206,1
TRUE,163.2073251,-77.63856166,1
TRUE,163.1295741,-77.63929456,1
TRUE,163.1299001,-77.63950396,1
TRUE,163.2060211,-77.63967846,1
TRUE,163.1823861,-77.64009726,1
TRUE,163.1294111,-77.64020196,1
TRUE,163.2056951,-77.64020196,1
TRUE,163.2056951,-77.64051606,1
TRUE,163.1271291,-77.64055096,1
TRUE,163.1294111,-77.64055096,1
TRUE,163.1285961,-77.64065566,1
TRUE,163.1292481,-77.64079526,1
TRUE,163.1281071,-77.64093486,1
TRUE,163.1292481,-77.64107446,1
TRUE,163.1667381,-77.64110936,1
TRUE,163.1282701,-77.64117916,1
TRUE,163.1662491,-77.64128386,1
TRUE,163.1294111,-77.64131876,1
TRUE,163.1771701,-77.64131876,1
TRUE,163.1282701,-77.64142346,1
TRUE,163.1292481,-77.64159796,1
TRUE,163.1768441,-77.64159796,1
TRUE,163.1282701,-77.64170266,1
TRUE,163.1259881,-77.64180736,1
TRUE,163.1281071,-77.64212146,1
TRUE,163.1771701,-77.64240066,1
TRUE,163.1258251,-77.64250536,1
TRUE,163.1251731,-77.64292416,1
TRUE,163.1312041,-77.64295906,1
TRUE,163.1364201,-77.64327316,1
TRUE,163.1372351,-77.64390136,1
TRUE,163.1739101,-77.64425036,1
TRUE,163.1380501,-77.64438996,1
TRUE,163.1691831,-77.64445976,1
TRUE,163.1734211,-77.64445976,1
TRUE,163.1685311,-77.64463426,1
TRUE,163.1740731,-77.64473896,1
TRUE,163.1732581,-77.64487856,1
TRUE,163.1396801,-77.64491346,1
TRUE,163.1398431,-77.64512286,1
TRUE,163.1698351,-77.64526246,1
TRUE,163.1642931,-77.64529736,1
TRUE,163.1406581,-77.64543696,1
TRUE,163.1227281,-77.64571616,1
TRUE,163.1411471,-77.64571616,1
TRUE,163.1561431,-77.64578596,1
TRUE,163.1416361,-77.64589066,1
TRUE,163.1427771,-77.64592556,1
TRUE,163.1497861,-77.64599536,1
TRUE,163.1486451,-77.64603026,1
TRUE,163.1440811,-77.64610006,1
TRUE,163.1530461,-77.64610006,1
TRUE,163.1462001,-77.64613496,1
TRUE,163.1475041,-77.64613496,1
TRUE,163.1431031,-77.64620476,1
TRUE,163.1510901,-77.64620476,1
TRUE,163.1522311,-77.64620476,1
TRUE,163.1499491,-77.64623966,1
TRUE,163.1448961,-77.64630946,1
TRUE,163.1437551,-77.64634436,1
TRUE,163.1491341,-77.64634436,1
TRUE,163.1471781,-77.64637926,1
TRUE,163.1457111,-77.64641416,1
TRUE,163.1546761,-77.64651886,1
TRUE,163.1452221,-77.64658866,1
TRUE,163.1504381,-77.64662356,1
TRUE,163.1517421,-77.64665846,1
TRUE,163.1458741,-77.64676316,1
TRUE,163.1445701,-77.64697256,1
TRUE,163.1463631,-77.64700746,1
TRUE,163.1215871,-77.64707726,1
TRUE,163.1465261,-77.64725176,1
TRUE,163.1466891,-77.64756586,1
TRUE,163.1455481,-77.64847326,1
TRUE,163.1383761,-77.65004376,1
TRUE,163.1008861,-77.65143976,1
TRUE,163.1021901,-77.65199816,1
TRUE,163.1064281,-77.65290556,1
TRUE,163.1002341,-77.65294046,1
TRUE,163.1064281,-77.65311496,1
TRUE,163.0958331,-77.65349886,1
TRUE,163.0953441,-77.65531366,1
,163.3062458,-77.60037068,0
,163.225294,-77.60510864,0
,163.0819234,-77.64258968,0
,163.0039987,-77.6077837,0
,163.0776205,-77.60448271,0
,163.0457617,-77.60943838,0
,163.1893404,-77.60606588,0
,163.1266312,-77.58826278,0
,163.1519579,-77.64262983,0
,163.1219664,-77.59824531,0
,163.0555651,-77.61028071,0
,163.1258531,-77.60663698,0
,163.2204075,-77.60560116,0
,163.0552398,-77.61087253,0
,163.1356692,-77.64618083,0
,163.0854494,-77.64121904,0
,163.0985893,-77.60306687,0
,162.9826003,-77.61153105,0
,163.0429115,-77.59970956,0
,163.0504876,-77.62632136,0
,163.2019384,-77.62842704,0
,163.0269647,-77.61532422,0
,163.1700607,-77.6326142,0
,163.2087009,-77.60535777,0
,163.1969427,-77.59264527,0
,163.1283093,-77.61748031,0
,163.0738612,-77.64832407,0
,163.0866868,-77.59807495,0
,163.279648,-77.60959773,0
,163.2334133,-77.62024889,0
,163.2845746,-77.61135291,0
,163.2536768,-77.60887644,0
,163.142377,-77.61298203,0
,163.0252945,-77.61485104,0
,163.3054783,-77.61660139,0
,163.1614679,-77.63086351,0
,163.2949035,-77.60887997,0
,163.3259169,-77.61676214,0
,163.0082042,-77.60514618,0
,163.2064778,-77.63241505,0
,163.1412379,-77.60417857,0
,163.1231137,-77.63091109,0
,163.2209504,-77.59019134,0
,163.212947,-77.61347029,0
,163.2436353,-77.59547735,0
,163.2554576,-77.60492063,0
,163.1835623,-77.64261802,0
,163.1197192,-77.64341712,0
,163.2809608,-77.60565889,0
,163.1783796,-77.62031221,0
,163.1394163,-77.58634668,0
,163.228028,-77.61954615,0
,163.1194148,-77.62200924,0
,163.1726294,-77.60519217,0
,163.1628945,-77.62271081,0
,163.0217308,-77.61922745,0
,163.3065685,-77.60559776,0
,163.1847858,-77.61653709,0
,163.1636592,-77.60834236,0
,163.1224454,-77.60295312,0
,163.1015698,-77.64359183,0
,163.1147226,-77.63519197,0
,162.9859082,-77.61469524,0
,163.0810584,-77.63586366,0
,163.0595331,-77.61101463,0
,163.0744425,-77.60457124,0
,163.0312478,-77.6288005,0
,163.3102144,-77.62270783,0
,163.0407141,-77.60020756,0
,163.1270095,-77.59663835,0
,163.1331328,-77.59849795,0
,163.2439612,-77.60827268,0
,163.0220335,-77.62964177,0
,163.2413372,-77.59750025,0
,163.2222009,-77.62548587,0
,163.0578726,-77.64330889,0
,163.2162742,-77.63898507,0
,163.2254036,-77.61115009,0
,163.2466164,-77.60079221,0
,163.1713783,-77.60025899,0
,163.1682642,-77.61511971,0
,163.094227,-77.63211618,0
,163.1220042,-77.59267788,0
,163.1609919,-77.59861949,0
,163.1586191,-77.61839072,0
,163.050454,-77.62509638,0
,163.2332644,-77.58686312,0
,163.3008512,-77.60489452,0
,163.0948724,-77.61597706,0
,163.2439542,-77.62026869,0
,163.1682192,-77.62842691,0
,163.0614146,-77.59935365,0
,163.1065835,-77.63189858,0
,163.0902049,-77.63105327,0
,163.1352701,-77.63231476,0
,163.2401809,-77.5941676,0
,163.1503573,-77.61981662,0
,163.2410963,-77.60274113,0
,163.2457795,-77.60862423,0
,163.0813151,-77.6233401,0
,163.2411677,-77.5961317,0
,163.1938274,-77.61781357,0
,163.1770298,-77.5941803,0
,163.1517955,-77.63694758,0
,163.3046261,-77.62004208,0
,163.1361529,-77.62503583,0
,163.1282981,-77.59011013,0
,163.1514447,-77.63652514,0
,163.0897091,-77.63431463,0
,163.2044456,-77.60209868,0
,163.046553,-77.6121976,0
,163.1475248,-77.63371752,0
,163.3066287,-77.6083302,0
,163.1927099,-77.63934762,0
,163.1795984,-77.59537304,0
,163.1466938,-77.61147687,0
,163.0534047,-77.63409908,0
,163.008616,-77.60543578,0
,163.104756,-77.6329221,0
,163.1348384,-77.59073939,0
,163.2520935,-77.61478948,0
,163.1469015,-77.59261647,0
,163.0597696,-77.633912,0
,163.1742899,-77.60338409,0
,163.0637614,-77.63903499,0
,163.2814367,-77.6150383,0
,163.192229,-77.59110954,0
,162.9952221,-77.60889153,0
,163.2243566,-77.60548168,0
,163.2267924,-77.59463637,0
,163.3241608,-77.61974789,0
,163.1630034,-77.64224234,0
,163.1972131,-77.60277242,0
,163.1720922,-77.58461204,0
,163.2065939,-77.63341024,0
,163.2701683,-77.60535817,0
,163.1182145,-77.64848595,0
,163.0874572,-77.63711712,0
,163.2111695,-77.61801774,0
,163.1483276,-77.60920637,0
,163.1294252,-77.60024834,0
,163.05017,-77.64088698,0
,163.2320041,-77.60769627,0
,163.0800759,-77.60820003,0
,163.0188845,-77.60270055,0
,163.1453792,-77.6172554,0
,163.3040097,-77.59816246,0
,163.2544007,-77.62662109,0
,162.9989504,-77.6094801,0
,163.2077479,-77.6046596,0
,163.3233059,-77.60272042,0
,163.0143327,-77.62304647,0
,163.1419169,-77.62244184,0
,163.2428704,-77.60041913,0
,163.2651985,-77.60968796,0
,163.140573,-77.62894183,0
,163.1334943,-77.60384243,0
,163.0939206,-77.63467672,0
,163.0463581,-77.6122219,0
,163.0887303,-77.59979757,0
,163.2058383,-77.5903601,0
,163.1400112,-77.6290223,0
,163.1853313,-77.63496242,0
,163.1585078,-77.61693137,0
,163.1653191,-77.62013845,0
,163.2035594,-77.63687535,0
,163.2682465,-77.61819995,0
,163.2445096,-77.62909807,0
,163.1512012,-77.60076879,0
,163.0946195,-77.61484761,0
,163.2605552,-77.62374773,0
,163.0889012,-77.62366549,0
,163.0091653,-77.62656098,0
,163.3008598,-77.6134917,0
,163.0050084,-77.62093018,0
,163.15797,-77.6464472,0
,163.1169473,-77.63143643,0
,163.1482007,-77.62347905,0
,163.050843,-77.62617895,0
,163.1546907,-77.6000055,0
,163.143724,-77.63305288,0
,163.0793876,-77.59948607,0
,163.207866,-77.59987759,0
,163.0669156,-77.64845446,0
,163.1771847,-77.61281841,0
,163.0588931,-77.63143728,0
,163.2498618,-77.62382279,0
,163.2036361,-77.62136298,0
,162.977932,-77.61064371,0
,163.0659915,-77.64884406,0
,163.1959917,-77.62265861,0
,163.3321972,-77.61052117,0
,163.0771152,-77.6483803,0
,163.0884393,-77.60134392,0
,163.111714,-77.63451752,0
,163.0773659,-77.62128203,0
,163.0828147,-77.6557437,0
,163.0882873,-77.63514564,0
,162.9786148,-77.61143454,0
,163.1616043,-77.644953,0
,163.3287841,-77.61778967,0
,163.0471556,-77.63374225,0
,163.0407224,-77.60138932,0
,163.2785753,-77.59471212,0
,163.2815326,-77.6255095,0
,163.1713293,-77.60058109,0
,163.1371957,-77.60546004,0
,163.1914605,-77.62589533,0
,163.2062607,-77.60476845,0
,163.0659828,-77.61706061,0
,163.2893918,-77.61239521,0
,163.0795219,-77.60971334,0
,163.2529459,-77.60886467,0
,163.1075912,-77.64463974,0
,163.0358179,-77.63067104,0
,163.2300235,-77.59528962,0
,163.0524003,-77.630325,0
,163.1958774,-77.58850904,0
,163.1856289,-77.61523119,0
,163.2694021,-77.59251105,0
,163.1000725,-77.63476819,0
,163.2767551,-77.61365875,0
,163.095667,-77.65217332,0
,163.2218827,-77.59313501,0
,163.2199819,-77.5903685,0
,163.1563633,-77.61220439,0
,163.204466,-77.62533002,0
,163.2675052,-77.59228689,0
,163.3243772,-77.61178301,0
,163.2047411,-77.5903281,0
,163.0840844,-77.62048111,0
,163.2213057,-77.60918915,0
,163.1784426,-77.6057955,0
,163.1159197,-77.60299708,0
,162.9966296,-77.61795219,0
,163.027553,-77.60923851,0
,163.0460391,-77.60064741,0
,163.2138119,-77.63031536,0
,163.0662377,-77.64022803,0
,162.9984758,-77.609416,0
,163.1963138,-77.61881734,0
,163.2170775,-77.59583376,0
,163.2074081,-77.63030976,0
,163.0439755,-77.63904399,0
,163.1974796,-77.58674159,0
,163.2516299,-77.59930299,0
,163.1881025,-77.60946555,0
,163.0288281,-77.63466805,0
,163.1568764,-77.60544486,0
,163.2309629,-77.60011187,0
,163.1481852,-77.58596671,0
,163.0967297,-77.62902905,0
,163.0391155,-77.61228776,0
,163.2136943,-77.59826119,0
,163.0768053,-77.63932219,0
,163.2466522,-77.61367702,0
,163.2318858,-77.61272841,0
,163.0909169,-77.61315627,0
,163.1073413,-77.62859679,0
,163.0745328,-77.60207071,0
,163.2209523,-77.60211586,0
,163.087102,-77.61718693,0
,163.1546234,-77.61140672,0
,163.1605637,-77.64366846,0
,163.1213494,-77.58878339,0
,163.1856039,-77.61118061,0
,163.1910494,-77.58342677,0
,163.0428938,-77.63721982,0
,163.2742826,-77.61407068,0
,163.0142832,-77.62414938,0
,163.1170241,-77.60350068,0
,163.1527001,-77.60011283,0
,163.0442644,-77.60359554,0
,163.1274979,-77.61676074,0
,163.1812869,-77.59053375,0
,163.107089,-77.63280091,0
,163.0007217,-77.62408621,0
,163.2702252,-77.59660363,0
,163.1134353,-77.61409799,0
,163.0688675,-77.63482505,0
,163.1968394,-77.5982232,0
,163.0789384,-77.61836265,0
,163.1861672,-77.61082327,0
,163.0995851,-77.61042497,0
,163.2745769,-77.62700292,0
,163.2054294,-77.59419567,0
,163.2505143,-77.61850854,0
,162.9842159,-77.61103663,0
,163.1332266,-77.61110183,0
,162.9894653,-77.61119116,0
,163.308773,-77.61954179,0
,163.2332044,-77.59085912,0
,163.1483865,-77.64417755,0
,163.2402324,-77.60830963,0
,163.1110583,-77.63134614,0
,163.1582091,-77.62738186,0
,163.0312563,-77.60906215,0
,163.1804743,-77.63509536,0
,163.0883776,-77.65652882,0
,163.0827553,-77.59709185,0
,163.0446856,-77.61471339,0
,163.1504903,-77.61234146,0
,163.1541403,-77.62956841,0
,163.1811757,-77.64139516,0
,163.1228554,-77.64864926,0
,163.1066058,-77.64182652,0
,163.1379815,-77.60841424,0
,163.1365755,-77.63881826,0
,163.067623,-77.64991836,0
,163.1789661,-77.59921279,0
,163.2776613,-77.61096485,0
,163.0239882,-77.60652561,0
,163.0875044,-77.59840072,0
,163.1430661,-77.64312482,0
,163.0167817,-77.61087894,0
,163.191693,-77.64205178,0
,163.3099785,-77.62235036,0
,163.0965261,-77.65291272,0
,163.0699025,-77.60618871,0
,163.0671853,-77.62827831,0
,163.2569124,-77.61605241,0
,163.0974668,-77.63896284,0
,163.1420987,-77.62711338,0
,163.0810789,-77.63377437,0
,163.1363394,-77.63653495,0
,162.9861621,-77.60936258,0
,163.1976989,-77.62788165,0
,163.1215594,-77.60231235,0
,163.1891408,-77.61862864,0
,163.0787711,-77.64847328,0
,163.0481501,-77.63054266,0
,163.1457576,-77.6013573,0
,163.3193369,-77.60065789,0
,163.2489558,-77.6330881,0
,163.31859,-77.60743957,0
,163.1247095,-77.63527769,0
,163.2334995,-77.63110706,0
,163.3196688,-77.6169791,0
,163.0897576,-77.63221711,0
,163.1298944,-77.64997856,0
,163.2372407,-77.62966566,0
,163.2595409,-77.5901396,0
,163.1508721,-77.62351867,0
,163.2820628,-77.60389,0
,163.0386996,-77.63554644,0
,163.2969163,-77.62568854,0
,163.1084721,-77.62735535,0
,163.1003479,-77.63242534,0
,163.2253761,-77.62512278,0
,162.9771823,-77.60816728,0
,163.005886,-77.61214778,0
,163.2236832,-77.63512012,0
,163.080204,-77.65053428,0
,163.2425047,-77.63332791,0
,163.2975513,-77.59848606,0
,163.1567925,-77.60002789,0
,163.274163,-77.61485026,0
,163.1692108,-77.59316026,0
,163.2160227,-77.6225097,0
,163.0916512,-77.61538266,0
,163.1149207,-77.62710427,0
,163.2748452,-77.598157,0
,163.0053388,-77.60711642,0
,163.2152841,-77.59179058,0
,163.1893962,-77.63850187,0
,163.2432109,-77.6070451,0
,163.0307598,-77.60408849,0
,163.0398874,-77.60991845,0
,163.1278475,-77.59650867,0
,163.1722832,-77.62216883,0
,163.2340606,-77.61692305,0
,163.1565627,-77.6472091,0
,163.3004656,-77.61826627,0
,163.2301666,-77.62756713,0
,163.2528914,-77.60783102,0
,163.1825553,-77.59505565,0
,163.0258316,-77.61375678,0
,163.265763,-77.61523131,0
,163.2919605,-77.59730436,0
,163.0729566,-77.62950728,0
,163.2993311,-77.59914862,0
,162.996485,-77.61364059,0
,163.1237459,-77.60587749,0
,163.2425923,-77.62573348,0
,163.1162702,-77.60507794,0
,163.1680181,-77.64500244,0
,163.1963446,-77.62214339,0
,163.2377375,-77.61158638,0
,163.1502243,-77.59956641,0
,163.1399064,-77.60783182,0
,163.1636319,-77.62849158,0
,163.0156325,-77.62082679,0
,163.0992854,-77.59176722,0
,163.0308365,-77.63317505,0
,163.166377,-77.60953284,0
,163.2239866,-77.62148712,0
,163.2035608,-77.59648168,0
,163.2173919,-77.59786823,0
,163.0289343,-77.63550893,0
,163.0936494,-77.63510102,0
,163.3025343,-77.61452702,0
,163.1590587,-77.58868178,0
,163.12181,-77.61667887,0
,163.0393754,-77.60379771,0
,163.1730475,-77.61376802,0
,163.0535417,-77.62281695,0
,163.197322,-77.60696247,0
,163.1836181,-77.6084323,0
,163.2307274,-77.62903892,0
,163.3316501,-77.60663445,0
,163.305274,-77.61118042,0
,163.2824217,-77.62621411,0
,163.2210069,-77.63792034,0
,163.0435369,-77.60228874,0
,163.0559007,-77.60858376,0
,163.1570183,-77.63593517,0
,163.0276536,-77.60988317,0
,163.2168315,-77.63874477,0
,163.2476062,-77.59264081,0
,163.2226127,-77.60987067,0
,163.0724382,-77.64692356,0
,163.0565141,-77.62534132,0
,163.3108344,-77.59907197,0
,163.3274286,-77.61393253,0
,163.2482067,-77.61636574,0
,163.1861311,-77.59846795,0
,163.2254859,-77.59059076,0
,163.0193198,-77.62051855,0
,163.2247207,-77.59271763,0
,163.1299026,-77.61539764,0
,163.1431385,-77.60388057,0
,163.2301806,-77.62979737,0
,163.0873585,-77.60085789,0
,162.996285,-77.60738588,0
,163.2639612,-77.62526162,0
,163.2539931,-77.62723521,0
,163.3063985,-77.62205146,0
,163.1767941,-77.62045352,0
,163.3330791,-77.60915515,0
,163.2808891,-77.61540497,0
,163.1080194,-77.59464177,0
,163.1009389,-77.61333399,0
,163.2400904,-77.60051755,0
,163.1113586,-77.63843627,0
,163.1546585,-77.59248397,0
,163.1294624,-77.60878159,0
,163.1610872,-77.58842157,0
,163.161789,-77.59987378,0
,163.281525,-77.60749454,0
,163.2621114,-77.61861305,0
,163.2485877,-77.61404494,0
,163.0450011,-77.60358305,0
,163.2341779,-77.59821823,0
,163.0824047,-77.63566755,0
,163.0452259,-77.59920903,0
,163.0173273,-77.61554003,0
,163.1653006,-77.60924035,0
,163.1562638,-77.62755647,0
,163.2394642,-77.63148869,0
,163.1401277,-77.62305322,0
,163.1747213,-77.61263816,0
,163.0732215,-77.6256752,0
,163.1027316,-77.61767607,0
,163.1808372,-77.61972445,0
,163.1655271,-77.61632049,0
,163.072538,-77.6202476,0
,163.0116721,-77.60972741,0
,163.024143,-77.61815093,0
,163.2097712,-77.63232625,0
,163.0024072,-77.62330945,0
,163.0609559,-77.64663188,0
,163.1799576,-77.61102351,0
,163.2133271,-77.60739879,0
,163.1687647,-77.59996103,0
,163.0979876,-77.59907588,0
,163.0741883,-77.60702046,0
,163.1872435,-77.59215782,0
,163.0709925,-77.62428276,0
,163.2111051,-77.60317844,0
,163.2408049,-77.63476542,0
,163.1214753,-77.63452204,0
,163.281943,-77.59291912,0
,163.1245756,-77.61264688,0
,163.1257229,-77.59252481,0
,163.2145794,-77.61951587,0
,163.1822361,-77.62994923,0
,163.0341637,-77.62063114,0
,163.2620199,-77.62291398,0
,163.2868694,-77.59391352,0
,163.0567733,-77.59795373,0
,163.298563,-77.61379121,0
,163.0771744,-77.60488259,0
,163.1942603,-77.63932201,0
,163.1629959,-77.61253372,0
,163.2143036,-77.63892815,0
,163.0881671,-77.65461892,0
,163.1055867,-77.62827197,0
,163.1272395,-77.64464587,0
,163.0663338,-77.6291723,0
,163.1156583,-77.64244708,0
,163.1665577,-77.59784254,0
,163.1025694,-77.63331364,0
,163.1452079,-77.63930123,0
,163.1917995,-77.58298275,0
,163.1137701,-77.641521,0
,163.076693,-77.62892271,0
,163.0245975,-77.61642511,0
,163.2809676,-77.61594934,0
,163.1684077,-77.63929905,0
,163.016295,-77.61350399,0
,163.1871009,-77.58315144,0
,163.2581616,-77.60960076,0
,163.2355724,-77.63373893,0
,163.0683406,-77.6282614,0
,163.2426687,-77.63399174,0
,163.2371417,-77.63390072,0
,163.0865197,-77.65714409,0
,163.0884577,-77.63552077,0
,163.127476,-77.6058413,0
,163.0141666,-77.60903388,0
,163.0274893,-77.62332868,0
,163.3125787,-77.60385716,0
,163.1644538,-77.63812794,0
,163.0369739,-77.60598948,0
,163.0718261,-77.6483085,0
,163.2347194,-77.6044839,0
,163.0105122,-77.62333209,0
,163.0900769,-77.61175409,0
,163.0378588,-77.63307039,0
,163.2369004,-77.62077244,0
,163.141601,-77.61597515,0
,163.1522918,-77.59333849,0
,163.1285854,-77.61347732,0
,163.166474,-77.58864674,0
,163.0629708,-77.6033475,0
,163.1112403,-77.64968987,0
,163.2941652,-77.59857654,0
,163.1482463,-77.63071286,0
,163.0731297,-77.59610138,0
,163.0299455,-77.61159865,0
,163.268383,-77.60097491,0
,163.068761,-77.64431109,0
,162.9976009,-77.61937066,0
,163.1061115,-77.65002789,0
,163.144012,-77.60280705,0
,163.1350026,-77.64583839,0
,163.1432155,-77.59388192,0
,163.2414308,-77.59406921,0
,163.1035965,-77.64637717,0
,163.2824479,-77.61334825,0
,162.992205,-77.61792502,0
,163.1308853,-77.63442072,0
,163.2320305,-77.63557803,0
,163.0847126,-77.60208654,0
,163.1404139,-77.59293287,0
,163.2864791,-77.62055482,0
,163.061881,-77.61804262,0
,163.1581638,-77.6447545,0
,163.2702033,-77.60376434,0
,163.2100604,-77.6034629,0
,163.1276478,-77.61078487,0
,163.0419047,-77.62725208,0
,163.2597638,-77.59054304,0
,163.1388834,-77.58740332,0
,163.2426745,-77.62769698,0
,163.1427505,-77.61785504,0
,163.2262559,-77.60684116,0
,163.1785386,-77.61404922,0
,163.230815,-77.59697518,0
,163.2252112,-77.61912361,0
,163.221768,-77.59642291,0
,163.200485,-77.62048797,0
,163.0301554,-77.60069957,0
,163.184706,-77.62583436,0
,163.1824681,-77.60478214,0
,162.9893551,-77.62018936,0
,163.1177756,-77.59137517,0
,163.1677442,-77.60182209,0
,163.1784247,-77.60190927,0
,163.2586357,-77.61429068,0
,163.3077452,-77.62413416,0
,163.0341724,-77.62186982,0
,163.0836547,-77.63061339,0
,163.0892985,-77.60376494,0
,163.1907239,-77.60811031,0
,163.0440589,-77.63335971,0
,163.1231578,-77.59977848,0
,163.0100593,-77.61888117,0
,163.1691819,-77.61963507,0
,163.1609863,-77.63090813,0
,163.1055864,-77.59911902,0
,163.1261833,-77.63991804,0
,163.1968132,-77.58731161,0
,162.999214,-77.61329395,0
,163.0870483,-77.63028295,0
,163.0981426,-77.6103889,0
,163.314872,-77.61014753,0
,163.2916884,-77.60949759,0
,163.2889353,-77.59993851,0
,163.1267553,-77.589522,0
,163.0530577,-77.61605624,0
,163.241112,-77.60357779,0
,163.2603539,-77.61024045,0
,163.1161882,-77.61617702,0
,163.2268336,-77.62442917,0
,163.0870726,-77.61818728,0
,163.1655122,-77.62575428,0
,163.2170638,-77.63784803,0
,163.1471618,-77.60828968,0
,163.0495707,-77.63385468,0
,163.2210692,-77.58595992,0
,163.2829206,-77.62484547,0
,163.2612437,-77.59178159,0
,163.2438223,-77.59225389,0
,163.0678976,-77.63947848,0
,163.1940336,-77.59248374,0
,163.1613639,-77.61626606,0
,163.0581508,-77.62071357,0
,163.3111305,-77.60590573,0
,163.267326,-77.59577263,0
,163.0781621,-77.60670388,0
,163.0256191,-77.62772075,0
,163.2007049,-77.59810707,0
,163.0554052,-77.61555317,0
,163.1832005,-77.59095386,0
,163.0787457,-77.62690496,0
,163.2218559,-77.60066532,0
,163.0713889,-77.60309245,0
,163.2184054,-77.6038528,0
,163.0632789,-77.62914997,0
,163.2246571,-77.59380885,0
,162.9678569,-77.612492,0
,163.0376517,-77.62007383,0
,163.1732343,-77.61338572,0
,163.1194842,-77.63251624,0
,162.9985407,-77.61293533,0
,163.1114923,-77.61290696,0
,163.2025599,-77.60890828,0
,163.088042,-77.64525286,0
,163.2890875,-77.61061821,0
,163.0627354,-77.62059777,0
,163.1093444,-77.64438744,0
,163.130125,-77.60111866,0
,163.140359,-77.60388269,0
,163.1698586,-77.60358026,0
,163.1788912,-77.62990346,0
,163.1924162,-77.60814023,0
,163.2167767,-77.59897358,0
,163.1557504,-77.63107065,0
,163.1303814,-77.63887193,0
,163.0787047,-77.60603989,0
,163.322497,-77.62148817,0
,163.1006983,-77.61996779,0
,163.1185122,-77.59740878,0
,163.120787,-77.60081873,0
,163.2000736,-77.60500728,0
,163.049645,-77.62974383,0
,163.3050798,-77.61742992,0
,163.2801359,-77.61471096,0
,163.1458235,-77.61497055,0
,163.1464903,-77.63570737,0
,163.1105332,-77.59763305,0
,163.1428025,-77.60998114,0
,163.1316619,-77.64113306,0
,163.2678136,-77.59633885,0
,163.2909818,-77.61107765,0
,163.2040211,-77.62128494,0
,163.1256388,-77.62494376,0
,163.222034,-77.60078487,0
,163.0824608,-77.60888441,0
,163.1060663,-77.60428243,0
,163.1462229,-77.63132347,0
,163.263074,-77.59227448,0
,163.2612272,-77.62926709,0
,163.2065691,-77.63885104,0
,162.9964004,-77.6206855,0
,163.185664,-77.61172371,0
,163.3323491,-77.61484718,0
,163.2738796,-77.62150148,0
,163.1866562,-77.62152299,0
,163.1663379,-77.60876566,0
,163.2536196,-77.59648594,0
,163.1518345,-77.62743731,0
,163.2462852,-77.62220329,0
,163.1543146,-77.63736978,0
,163.0804695,-77.64776568,0
,163.0138049,-77.62544046,0
,163.0377834,-77.61005171,0
,163.2301273,-77.62712739,0
,163.058795,-77.61711195,0
,163.2729843,-77.59620884,0
,163.1447505,-77.61135437,0
,163.0539461,-77.60969825,0
,163.0596438,-77.61223364,0
,163.106953,-77.60777242,0
,163.1691593,-77.62199718,0
,163.1097327,-77.64614628,0
,163.1867899,-77.58510163,0
,163.3028669,-77.59803227,0
,163.1584286,-77.59452425,0
,163.3263155,-77.60282853,0
,163.3032863,-77.59990226,0
,163.0901934,-77.63056737,0
,163.0975687,-77.60236715,0
,163.2498617,-77.61831562,0
,163.1188627,-77.5971454,0
,163.2826389,-77.62375364,0
,163.2044771,-77.59135922,0
,163.2776976,-77.60995929,0
,163.175211,-77.63812468,0
,163.2426645,-77.61897143,0
,163.0753452,-77.61709605,0
,163.022711,-77.63127612,0
,163.0565783,-77.60203043,0
,163.0331104,-77.6277014,0
,163.0867836,-77.6474774,0
,163.0928576,-77.60010484,0
,163.2082651,-77.5830337,0
,163.0409255,-77.63909342,0
,163.3099426,-77.59818517,0
,163.1759697,-77.60816102,0
,163.0772911,-77.60309985,0
,163.3084779,-77.6179171,0
,163.2943166,-77.61742541,0
,163.2321229,-77.5942362,0
,163.1311014,-77.61067076,0
,163.1253965,-77.64431072,0
,163.1731043,-77.62934996,0
,163.1514866,-77.6112632,0
,163.1206251,-77.61177667,0
,163.1782804,-77.58458568,0
,162.9657421,-77.6104051,0
,163.2189132,-77.5982323,0
,163.036341,-77.6189885,0
,163.0838699,-77.64331557,0
,163.1223583,-77.61641332,0
,162.9948046,-77.61150259,0
,163.0221235,-77.60977969,0
,163.1633682,-77.59944027,0
,163.1806923,-77.58547474,0
,163.1926356,-77.59844653,0
,163.187249,-77.63321482,0
,163.1829493,-77.61672141,0
,163.1779774,-77.60803399,0
,163.0868721,-77.64089758,0
,163.1773147,-77.62524246,0
,163.1628528,-77.59953035,0
,163.0687365,-77.59878935,0
,163.1621754,-77.64387238,0
,163.0157601,-77.62469536,0
,163.2145535,-77.59941424,0
,163.2377398,-77.60653782,0
,163.1647132,-77.64086821,0
,163.0976333,-77.64891787,0
,163.2703416,-77.61100856,0
,163.2685413,-77.62013948,0
,163.0463838,-77.61354025,0
,163.0018731,-77.62352773,0
,163.1372271,-77.5955124,0
,163.0253165,-77.63271591,0
,163.2273175,-77.59953845,0
,163.1337977,-77.62588087,0
,163.1178414,-77.60607464,0
,163.2893175,-77.59819802,0
,163.0272575,-77.62203463,0
,163.2000444,-77.63344638,0
,163.0930594,-77.60290652,0
,163.1122636,-77.6341503,0
,163.277534,-77.60136927,0
,163.1721455,-77.5957031,0
,163.1032675,-77.6065237,0
,163.131957,-77.59651411,0
,163.1108485,-77.6186434,0
,163.0793249,-77.60358933,0
,163.1534922,-77.6219378,0
,163.1839799,-77.62578647,0
,163.1054626,-77.65302367,0
,163.2299467,-77.61255302,0
,163.0773425,-77.62604944,0
,163.3010239,-77.59626423,0
,163.0698999,-77.59624642,0
,163.2426565,-77.58927919,0
,163.1755897,-77.64283485,0
,163.235988,-77.58881407,0
,163.0603253,-77.63711151,0
,163.2685827,-77.62191879,0
,163.0959485,-77.59594025,0
,163.1639114,-77.61903073,0
,163.2723741,-77.61338363,0
,163.2842429,-77.62656756,0
,163.1843662,-77.60271398,0
,163.2106655,-77.58472893,0
,163.0059124,-77.61627593,0
,163.090915,-77.59506577,0
,163.0855257,-77.64784952,0
,163.2876789,-77.61249779,0
,163.313015,-77.6186952,0
,162.9837586,-77.61320933,0
,163.086808,-77.65463477,0
,163.1668663,-77.60794064,0
,163.3300802,-77.61548725,0
,163.1961152,-77.60439898,0
,163.0402523,-77.62730283,0
,163.1424382,-77.58965261,0
,163.2484387,-77.63305426,0
,163.251413,-77.60540853,0
,163.0223639,-77.63037494,0
,163.2247421,-77.62659885,0
,163.0606874,-77.61905805,0
,163.0114282,-77.61364938,0
,163.0796874,-77.59603534,0
,163.2584688,-77.5912426,0
,163.0185577,-77.6235398,0
,163.0596881,-77.63790091,0
,163.2046141,-77.59903192,0
,163.2040526,-77.58990201,0
,162.9772839,-77.61437493,0
,163.0405362,-77.60493976,0
,163.2370228,-77.60882638,0
,163.0402736,-77.60348704,0
,163.0933986,-77.60252252,0
,163.2405863,-77.62832157,0
,163.3047468,-77.59876102,0
,162.9920682,-77.61947015,0
,163.0966203,-77.60610922,0
,163.1738173,-77.59696086,0
,163.0204879,-77.62481476,0
,163.318697,-77.62073606,0
,163.0251095,-77.60479741,0
,163.0974572,-77.61376853,0
,163.2826472,-77.617063,0
,163.0694888,-77.62270911,0
,163.1117101,-77.64555133,0
,163.0649685,-77.61795452,0
,163.3031085,-77.60354135,0
,163.3072399,-77.61985601,0
,163.1370421,-77.61336589,0
,162.9818072,-77.61552695,0
,163.1033664,-77.63938798,0
,163.0596386,-77.61633018,0
,163.2278944,-77.62054229,0
,163.1699164,-77.64481323,0
,163.1111673,-77.62594992,0
,163.1043677,-77.62199066,0
,163.0997832,-77.63883104,0
,163.1400094,-77.5949291,0
,163.1487676,-77.61867037,0
,163.0653751,-77.62875647,0
,163.1531863,-77.60118966,0
,163.1751077,-77.59018878,0
,163.1280192,-77.58772278,0
,163.0787531,-77.5965078,0
,163.0987521,-77.65064414,0
,163.0475305,-77.60071918,0
,163.2269583,-77.61795542,0
,163.0795693,-77.63227486,0
,163.2700361,-77.60109533,0
,163.2027451,-77.64068021,0
,163.0595789,-77.6019509,0
,163.3038712,-77.61848883,0
,163.3181326,-77.60614943,0
,163.3080029,-77.6134724,0
,163.1576145,-77.60444939,0
,163.1271702,-77.61718228,0
,163.0969749,-77.59942273,0
,163.1087207,-77.62345382,0
,163.0356652,-77.60547674,0
,163.152677,-77.60869971,0
,163.3035139,-77.62128647,0
,163.2059176,-77.62424673,0
,163.3301897,-77.60778005,0
,163.1759605,-77.64117805,0
,163.0559351,-77.60112971,0
,163.3046058,-77.60218326,0
,163.1700383,-77.61602513,0
,163.041215,-77.63188978,0
,163.1720175,-77.61245152,0
,163.0551177,-77.61205253,0
,163.1843611,-77.6111969,0
,163.1480699,-77.63357713,0
,163.3089025,-77.61880307,0
,163.0581311,-77.61010249,0
,163.2178768,-77.6280377,0
,163.2857162,-77.61102634,0
,163.225952,-77.6018039,0
,163.1830153,-77.60892647,0
,162.9878735,-77.61658988,0
,163.1653943,-77.62347752,0
,163.0376794,-77.62850798,0
,163.2282863,-77.59484738,0
,163.2706677,-77.60106212,0
,163.0835537,-77.60001007,0
,162.990238,-77.6189001,0
,163.2071278,-77.62664832,0
,163.0421459,-77.6096267,0
,163.1177636,-77.63429,0
,163.1945252,-77.63845231,0
,163.1435427,-77.59545686,0
,163.1530485,-77.59765509,0
,163.2250198,-77.62348349,0
,163.2360259,-77.60792878,0
,163.1693797,-77.6079384,0
,163.0196924,-77.61370409,0
,163.0441985,-77.59980297,0
,163.1794627,-77.60091003,0
,163.246862,-77.60537953,0
,163.1037984,-77.6008525,0
,163.0163468,-77.62509953,0
,163.1816313,-77.59038568,0
,163.0137041,-77.62245336,0
,163.0108067,-77.61412374,0
,163.2850931,-77.61072576,0
,163.1035503,-77.59398964,0
,163.0416394,-77.62377613,0
,163.1281106,-77.59751952,0
,163.2215703,-77.62992927,0
,163.1554585,-77.62146027,0
,163.239155,-77.60306894,0
,163.1685938,-77.58513549,0
,163.103239,-77.6263859,0
,163.2262469,-77.6354064,0
,163.3185051,-77.62029761,0
,163.1548047,-77.62854053,0
,163.0753512,-77.61569768,0
,163.0931768,-77.62963792,0
,163.2049142,-77.58690116,0
,163.0856409,-77.63088299,0
,163.222264,-77.63014253,0
,163.051569,-77.61479749,0
,163.306305,-77.61724998,0
,163.0763424,-77.60089099,0
,163.2695637,-77.59514812,0
,163.0775757,-77.61512173,0
,163.0441188,-77.62450401,0
,163.2534811,-77.61630277,0
,163.1944809,-77.6191712,0
,162.9823476,-77.61709815,0
,163.1928839,-77.61839245,0
,163.1224867,-77.61892165,0
,162.9821569,-77.61173982,0
,163.2964671,-77.5995981,0
,163.0750036,-77.59470354,0
,163.137605,-77.62243269,0
,163.1321884,-77.60978894,0
,163.2483008,-77.62465568,0
,163.1872794,-77.6130976,0
,163.0627479,-77.64277211,0
,163.1278279,-77.63008819,0
,163.247577,-77.59761168,0
,163.2781032,-77.61145864,0
,163.3092943,-77.61832362,0
,163.1694704,-77.59608461,0
,163.1658577,-77.62568669,0
,163.1162125,-77.59712848,0
,163.2188945,-77.60311117,0
,163.1274686,-77.64507616,0
,163.3005076,-77.62423739,0
,163.3229068,-77.61302205,0
,163.0211643,-77.6076688,0
,163.2669412,-77.62004919,0
,163.0992593,-77.60583412,0
,163.2008417,-77.61380926,0
,163.1309515,-77.63689261,0
,163.1529595,-77.62550395,0
,163.1260558,-77.62295654,0
,163.1278327,-77.59818051,0
,163.1944385,-77.58296064,0
,163.075804,-77.6269444,0
,163.2143008,-77.60690107,0
,163.1416187,-77.63094509,0
,163.197045,-77.59711988,0
,163.0458924,-77.62762042,0
,163.1473818,-77.59786017,0
,163.1433033,-77.58854643,0
,163.278379,-77.61262394,0
,163.2637971,-77.63098051,0
,163.1082877,-77.62802621,0
,163.2861348,-77.60782961,0
,163.1105169,-77.64738091,0
,163.2942856,-77.59990799,0
,163.1244084,-77.64476564,0
,163.1008866,-77.62243537,0
,163.0414927,-77.63791794,0
,163.0577616,-77.60873544,0
,163.3342663,-77.60980214,0
,163.2134744,-77.63156651,0
,163.0140505,-77.6253705,0
,163.167656,-77.63229211,0
,163.0678839,-77.64172751,0
,163.0162817,-77.62170438,0
,163.2315892,-77.6052537,0
,163.1954972,-77.59791416,0
,163.1858089,-77.60284016,0
,163.2067869,-77.59512705,0
,163.1017398,-77.63870323,0
,163.0338594,-77.60902942,0
,163.1884301,-77.61717427,0
,163.2343498,-77.59268056,0
,163.1216122,-77.59033374,0
,163.0808325,-77.64903363,0
,163.1091501,-77.6463584,0
,163.150597,-77.63903912,0
,163.2130632,-77.62107048,0
,163.1472578,-77.63061709,0
,163.1851544,-77.62418736,0
,163.1091455,-77.6106244,0
,163.0761482,-77.63931941,0
,163.3169746,-77.60343042,0
,163.1647883,-77.6326862,0
,163.1781941,-77.62224157,0
,163.1211036,-77.64617697,0
,163.1455264,-77.61183443,0
,163.1473371,-77.61538097,0
,163.1942334,-77.60109537,0
,163.1388401,-77.62906413,0
,163.3284204,-77.61551486,0
,163.059942,-77.61234474,0
,163.0722277,-77.64281997,0
,163.0978061,-77.6292524,0
,163.1377771,-77.60765069,0
,163.3050373,-77.61052132,0
,163.2841193,-77.61462243,0
,163.1826996,-77.63270638,0
,163.0514915,-77.63193884,0
,163.2512626,-77.61816086,0
,163.249902,-77.60853434,0
,163.0741677,-77.61233797,0
,163.0842662,-77.65193785,0
,163.047272,-77.59989289,0
,163.1356378,-77.60997381,0
,162.979914,-77.61541027,0
,163.0273067,-77.6044892,0
,163.2563053,-77.61332173,0
,163.0712666,-77.59755519,0
,163.1798022,-77.6036863,0
,163.0868439,-77.62938222,0
,163.1297007,-77.61491708,0
,163.2886023,-77.61406002,0
,163.0632119,-77.64115757,0
,162.9811824,-77.61639068,0
,163.1059081,-77.63534894,0
,163.2665951,-77.6080045,0
,163.1643742,-77.58555664,0
,163.2750202,-77.62282331,0
,163.1833073,-77.62189009,0
,163.1781266,-77.61611893,0
,163.1107036,-77.63831256,0
,163.0755093,-77.64016753,0
,163.2769235,-77.60232618,0
,163.049494,-77.64290716,0
,163.1311808,-77.60657225,0
,163.0145869,-77.61338799,0
,163.1202718,-77.64572974,0
,163.1887257,-77.59318742,0
,163.2698215,-77.59451268,0
,163.2371862,-77.62727656,0
,163.1636348,-77.63365681,0
,162.976665,-77.61521876,0
,163.2630268,-77.6202762,0
,163.1740602,-77.58488073,0
,163.3054101,-77.60757323,0
,163.1471925,-77.62004023,0
,163.2446197,-77.6314015,0
,163.106133,-77.63693773,0
,163.0740589,-77.64318061,0
,163.1147287,-77.63214936,0
,163.1095966,-77.64512503,0
,163.1095039,-77.60082709,0
,163.2229412,-77.59776901,0
,163.3153884,-77.59740658,0
,163.1486779,-77.62535364,0
,163.0315715,-77.63120742,0
,163.249954,-77.59675461,0
,163.1059376,-77.62423075,0
,163.1131914,-77.61835474,0
,163.1474821,-77.64286893,0
,163.1010917,-77.61884801,0
,163.3032545,-77.61136776,0
,163.1278998,-77.64882567,0
,163.3147861,-77.614383,0
,163.2943111,-77.60419823,0
,163.0006855,-77.61756367,0
,163.0556735,-77.63826028,0
,163.1613384,-77.6465722,0
,163.0904104,-77.64669935,0
,163.3141742,-77.61568102,0
,163.1496865,-77.59835798,0
,163.0011269,-77.61044011,0
,163.1448933,-77.59003362,0
,163.1613219,-77.60482741,0
,163.0751936,-77.61140614,0
,163.1339794,-77.63817825,0
,163.2744835,-77.60220144,0
,163.2490685,-77.61182357,0
,163.0785719,-77.61062332,0
,163.1141538,-77.62318435,0
,163.0994951,-77.61184375,0
,163.0265157,-77.61063555,0
,163.2437228,-77.59660789,0
,163.121977,-77.61924111,0
,163.2812321,-77.61658051,0
,163.056737,-77.62528182,0
,163.1400122,-77.59095273,0
,163.0595358,-77.60784959,0
,163.0748426,-77.63879453,0
,163.1498032,-77.64244394,0
,163.1517028,-77.64347809,0
,163.1984868,-77.59235703,0
,163.2564071,-77.60573726,0
,163.0793179,-77.65076963,0
,163.1235211,-77.60426435,0
,163.0612316,-77.61712738,0
,163.1748273,-77.5908783,0
,163.1670172,-77.60564135,0
,163.2059235,-77.60993249,0
,163.3161081,-77.60252402,0
,163.2016289,-77.58498134,0
,163.2587373,-77.62698029,0
,163.2915716,-77.60871771,0
,163.1863488,-77.6026047,0
,163.2781059,-77.59207438,0
,163.0515742,-77.60859295,0
,163.0023802,-77.61020955,0
,163.2842044,-77.59777749,0
,163.2205942,-77.59178184,0
,163.0235922,-77.60935626,0
,163.3021493,-77.59774247,0
,163.1172776,-77.65018651,0
,163.2967646,-77.62064642,0
,163.1101361,-77.64621587,0
,163.2098438,-77.58795328,0
,163.3055357,-77.60553512,0
,163.1531831,-77.60035186,0
,163.2221169,-77.60971676,0
,163.15349,-77.61191515,0
,163.0437222,-77.60062117,0
,163.1735944,-77.58972039,0
,163.2748461,-77.6082345,0
,163.2665624,-77.61141268,0
,163.1410184,-77.63176023,0
,163.2799606,-77.6022588,0
,163.1411336,-77.59550181,0
,162.9785851,-77.61318809,0
,163.0876439,-77.62048549,0
,163.210923,-77.60006423,0
,162.9814434,-77.61714322,0
,163.2307451,-77.60701019,0
,163.1306376,-77.59785898,0
,163.0296011,-77.60965097,0
,163.1490036,-77.60993662,0
,163.237718,-77.60969104,0
,163.0349195,-77.63775482,0
,163.2115386,-77.6204658,0
,163.0815765,-77.61489173,0
,163.1549061,-77.64700223,0
,163.2198531,-77.63223558,0
,163.1799715,-77.62730451,0
,163.2213416,-77.59958168,0
,163.2852391,-77.6145312,0
,163.2989006,-77.61726218,0
,163.2127437,-77.61690257,0
,163.1787908,-77.59630058,0
,163.3031976,-77.61920497,0
,163.0748031,-77.60023644,0
,163.0915503,-77.64377899,0
,163.3352903,-77.61469933,0
,163.035649,-77.62913591,0
,163.1588207,-77.60254916,0
,163.1358913,-77.59753106,0
,163.0877697,-77.63578082,0
,163.0946132,-77.64998504,0
,163.1305526,-77.62360244,0
,163.0630407,-77.63590997,0
,163.0774572,-77.61021919,0
,163.3070807,-77.61112572,0
,163.3061532,-77.62210707,0
,163.1263478,-77.62439638,0
,163.2316727,-77.61449949,0
,163.3360336,-77.61692589,0
,163.0416277,-77.59991836,0
,163.121824,-77.59859168,0
,163.0639135,-77.59824825,0
,163.2837224,-77.59638663,0
,163.1739121,-77.59586374,0
,163.1796135,-77.62988926,0
,163.2313578,-77.59445062,0
,163.3003365,-77.60031563,0
,163.2098519,-77.61473563,0
,163.295877,-77.61350874,0
,163.0261509,-77.6087218,0
,163.2253163,-77.5988215,0
,163.1052917,-77.61855797,0
,163.1144726,-77.6199606,0
,163.2436401,-77.63357241,0
,162.9845499,-77.61155215,0
,163.2112638,-77.60664352,0
,163.1129696,-77.64564931,0
,163.1874775,-77.59859586,0
,163.1173668,-77.62559907,0
,163.2280398,-77.63579918,0
,163.2155565,-77.61423872,0
,163.1876158,-77.59537518,0
,163.0860736,-77.60211815,0
,162.9883506,-77.6070666,0
,163.2588927,-77.61298247,0
,163.2601467,-77.60325893,0
,163.3283445,-77.61506546,0
,163.0922618,-77.6224118,0
,163.0887438,-77.62033203,0
,163.0539494,-77.63993738,0
,163.1130201,-77.64126689,0
,163.2896729,-77.6168088,0
,163.1793609,-77.63466165,0
,163.305634,-77.60224443,0
,163.2631129,-77.60250997,0
,163.1929026,-77.58267703,0
,163.1672816,-77.62326503,0
,163.3023784,-77.62216688,0
,163.1368568,-77.60081325,0
,163.2022188,-77.63073148,0
,163.2175215,-77.62534577,0
,163.0675367,-77.62990398,0
,163.0170336,-77.62968406,0
,163.0804044,-77.62467557,0
,163.1370733,-77.61460926,0
,163.1888442,-77.63799466,0
,163.1351287,-77.62670299,0
,163.1532385,-77.63257723,0
,163.1693015,-77.59340273,0
,163.2171361,-77.60777658,0
,163.1790672,-77.58805339,0
,163.2312906,-77.594218,0
,163.0926176,-77.6412138,0
,163.0373405,-77.60422016,0
,163.1634672,-77.59898379,0
,163.1049041,-77.62092954,0
,163.168229,-77.61276614,0
,163.0620208,-77.64084258,0
,163.117047,-77.62602235,0
,163.18575,-77.61293335,0
,163.2786493,-77.61477331,0
,163.0976025,-77.63763012,0
,163.1009499,-77.61363025,0
,163.2374937,-77.59890476,0
,163.2731861,-77.59178579,0
,163.0705613,-77.60639508,0
,163.1202055,-77.63239746,0
,163.046691,-77.61600041,0
,163.0140711,-77.60780244,0
,163.2086512,-77.61791522,0
,163.0891096,-77.63815444,0
,163.2196498,-77.59640341,0
,163.1693923,-77.62349611,0
,163.0192217,-77.6183437,0
,163.0900921,-77.63598133,0
,163.1931686,-77.58883381,0
,163.0359883,-77.60221271,0
,163.0307885,-77.63335889,0
,162.9910593,-77.61923732,0
,163.0194508,-77.60318844,0
,163.297008,-77.59691463,0
,163.1287512,-77.62485193,0
,162.9795014,-77.61157675,0
,163.1728017,-77.62750655,0
,163.0998669,-77.59577263,0
,163.0296605,-77.60675561,0
,163.1079244,-77.62647834,0
,163.2800876,-77.62630144,0
,163.0772004,-77.6132802,0
,163.1079975,-77.60306377,0
,163.2680861,-77.62140047,0
,163.1879899,-77.61823473,0
,163.1377522,-77.59843017,0
,163.2785301,-77.61850998,0
,162.9755175,-77.61261625,0
,163.2565167,-77.6251254,0
,163.1907119,-77.58703827,0
,163.0331897,-77.60473238,0
,163.1734043,-77.61026597,0
,163.2409825,-77.62155235,0
,163.0637964,-77.60100451,0
,163.2802924,-77.62275423,0
,163.1062475,-77.64710131,0
,163.2636619,-77.60164942,0
,163.1980682,-77.60622673,0
,163.0828238,-77.61608674,0
,163.0753185,-77.5968546,0
,163.0151529,-77.61081928,0
,163.2060253,-77.62073873,0
,163.1453439,-77.60564424,0
,163.0780092,-77.60314648,0
,163.1750039,-77.61899036,0
,163.1982195,-77.61223205,0
,163.1837788,-77.60238879,0
,163.1905523,-77.59209187,0
,163.024256,-77.62332592,0
,163.0023889,-77.61465945,0
,163.0428127,-77.618362,0
,163.2041752,-77.63958035,0
,163.14923,-77.59413516,0
,163.2187195,-77.5946087,0
,163.072557,-77.64315227,0
,163.1892297,-77.5971801,0
,163.2511998,-77.59643012,0
,163.307231,-77.60767864,0
,163.2264095,-77.62180853,0
,163.0913832,-77.64690347,0
,163.1980146,-77.63457851,0
,163.0354714,-77.61183455,0
,163.1798921,-77.60989864,0
,163.0287177,-77.63056427,0
,163.0688381,-77.61312501,0
,163.2067985,-77.62075354,0
,163.2527094,-77.63325409,0
,163.2438738,-77.614868,0
,163.0174038,-77.60915812,0
,163.2785878,-77.61780667,0
,163.173953,-77.64179841,0
,163.1779048,-77.63545801,0
,163.0210519,-77.62781516,0
,163.2115073,-77.60892149,0
,163.1090063,-77.65136404,0
,163.1365907,-77.61615214,0
,163.1487496,-77.59458006,0
,163.1971644,-77.60159725,0
,163.0677711,-77.62203801,0
,163.1129095,-77.60409672,0
,163.2384736,-77.60998806,0
,163.101126,-77.65519185,0
,163.2595374,-77.62021732,0
,163.1112905,-77.62434248,0
,163.1631269,-77.61621253,0
,163.1660094,-77.61972004,0
,163.1552542,-77.63220094,0
,162.9826371,-77.61211689,0
,163.1890414,-77.6134142,0
,163.2171205,-77.6120239,0
,163.1099116,-77.6181408,0
,163.2243796,-77.58506961,0
,163.1073645,-77.60272967,0
,163.3199798,-77.61233659,0
,163.0994152,-77.63742392,0
,163.1290339,-77.63794016,0
,163.1684075,-77.64422553,0
,163.1082771,-77.64709875,0
,163.0709439,-77.63127104,0
,163.203972,-77.63012774,0
,163.2222043,-77.5929551,0
,163.1484365,-77.64817571,0
,163.0678537,-77.60144652,0
,163.1221495,-77.59097122,0
,163.2432301,-77.61155177,0
,163.2087551,-77.58502723,0
,163.0839999,-77.60296586,0
,163.2556118,-77.62880197,0
,163.0955554,-77.64239493,0
,163.3155278,-77.60007639,0
,163.198959,-77.63186631,0
,163.2592499,-77.60576334,0
,163.2064429,-77.63181377,0
,163.0405881,-77.62589495,0
,163.132828,-77.61456117,0
,163.1391593,-77.60474828,0
,163.1569184,-77.61144763,0
,163.1318512,-77.59390005,0
,163.1967045,-77.6161641,0
,163.2465049,-77.62902741,0
,163.1952161,-77.61949772,0
,163.2872532,-77.59337232,0
,163.189371,-77.59969519,0
,163.1916036,-77.6155273,0
,163.1815572,-77.61679144,0
,163.2029292,-77.62465872,0
,163.1286799,-77.62951713,0
,163.2943871,-77.61759941,0
,163.2412731,-77.59697481,0
,163.1798006,-77.64065199,0
,163.2342499,-77.61723603,0
,163.2670568,-77.62561682,0
,163.164411,-77.58696284,0
,163.1085615,-77.60560298,0
,163.2247189,-77.61015908,0
,163.0781595,-77.61786739,0
,163.0689654,-77.60796946,0
,163.1227773,-77.60604945,0
,163.2206857,-77.61812984,0
,163.189887,-77.605333,0
,163.2255417,-77.62525205,0
,163.1103406,-77.61492406,0
,163.2368073,-77.60065862,0
,163.0536791,-77.59753621,0
,163.1835446,-77.5805673,0
,163.1767058,-77.5910577,0
,163.0421316,-77.5995299,0
,163.2184507,-77.63598217,0
,163.0693549,-77.62522808,0
,163.1369829,-77.59984051,0
,163.2314054,-77.62612237,0
,163.3055042,-77.61198043,0
,163.2899407,-77.61691059,0
,163.2067768,-77.61865287,0
,163.0718091,-77.6434538,0
,163.1276808,-77.65105443,0
,163.0813266,-77.6064243,0
,163.2887398,-77.61959958,0
,163.1665652,-77.58591658,0
,163.2120269,-77.59182486,0
,163.2604711,-77.61658739,0
,163.313746,-77.60685214,0
,163.0475488,-77.60205154,0
,163.0968161,-77.59529203,0
,163.2148603,-77.62804203,0
,163.2241396,-77.61122669,0
,163.1802717,-77.60738693,0
,163.1209267,-77.63073019,0
,163.1276024,-77.63450428,0
,163.0106271,-77.61500661,0
,163.2892847,-77.59465831,0
,163.0940477,-77.65438535,0
,163.0392822,-77.63562405,0
,163.0680185,-77.60251943,0
,163.0644628,-77.62002004,0
,163.1146066,-77.65015449,0
,163.0889745,-77.61969761,0
,163.1545742,-77.62625352,0
,163.0762198,-77.60525065,0
,163.3278455,-77.60913504,0
,163.1181237,-77.62491918,0
,163.056574,-77.61110612,0
,163.0990184,-77.64943578,0
,163.1631658,-77.61046254,0
,162.9816189,-77.60847916,0
,163.0007882,-77.61374329,0
,163.2131239,-77.58909705,0
,163.0673035,-77.63553575,0
,163.074782,-77.62868418,0
,163.0849668,-77.6252193,0
,163.0874132,-77.62531366,0
,163.3095675,-77.62048055,0
,163.0630795,-77.61507201,0
,163.1878787,-77.64015114,0
,163.0804702,-77.59617391,0
,163.042462,-77.6316945,0
,163.1465959,-77.62050927,0
,163.1860926,-77.58294909,0
,163.0135961,-77.62551263,0
,163.2339139,-77.63140114,0
,163.0798896,-77.59560506,0
,163.2121371,-77.62692028,0
,163.3051998,-77.59724122,0
,163.2386847,-77.6038615,0
,163.067813,-77.61760849,0
,163.2718034,-77.62003776,0
,163.3195955,-77.59979125,0
,163.3199614,-77.62069428,0
,162.99224,-77.61668656,0
,163.0981022,-77.60608363,0
,163.1684679,-77.61917457,0
,163.1700313,-77.5940364,0
,163.195158,-77.62991872,0
,163.0519215,-77.63154444,0
,163.1185515,-77.6439283,0
,163.2245842,-77.61060082,0
,163.2867576,-77.61810444,0
,163.0940334,-77.64961673,0
,163.2602165,-77.60402286,0
,163.0125459,-77.61665838,0
,163.2498486,-77.61668822,0
,163.2169346,-77.61942171,0
,163.2542916,-77.59432031,0
,163.0540435,-77.61623709,0
,163.1465326,-77.61331996,0
,163.2086324,-77.60329302,0
,163.1498747,-77.63679107,0
,163.0992933,-77.61735625,0
,163.0748082,-77.62559196,0
,163.1106658,-77.61837621,0
,163.2183204,-77.59905001,0
,162.9916388,-77.60690737,0
,163.0875564,-77.61686239,0
,163.2452925,-77.60590315,0
,163.3128571,-77.60697091,0
,163.1685174,-77.58654812,0
,163.1048668,-77.62873404,0
,163.0698997,-77.62726665,0
,163.0519045,-77.62721802,0
,163.2283926,-77.63737655,0
,163.1054276,-77.6387041,0
,163.0453153,-77.62807255,0
,163.2339592,-77.60557426,0
,163.0460005,-77.62286622,0
,163.2353026,-77.59851945,0
,163.1787778,-77.62906904,0
,163.2072947,-77.61298248,0
,163.0709112,-77.60747086,0
,163.2403579,-77.60562621,0
,163.1474111,-77.60665085,0
,163.3163076,-77.62138158,0
,163.2885852,-77.60497462,0
,163.0421183,-77.60462457,0
,163.3293459,-77.6134355,0
,163.2377241,-77.60154715,0
,163.183797,-77.61623606,0
,163.1671748,-77.63817779,0
,163.2628354,-77.62529728,0
,163.1855407,-77.64113,0
,163.2293521,-77.62207908,0
,163.1333397,-77.60307475,0
,163.2900025,-77.59876356,0
,163.231092,-77.6269391,0
,163.2988003,-77.61470458,0
,163.1213011,-77.59524255,0
,163.059247,-77.60433177,0
,163.2484957,-77.62432277,0
,163.304753,-77.62266954,0
,163.1651597,-77.61432477,0
,163.2734848,-77.62512861,0
,163.2273605,-77.62055205,0
,163.1966391,-77.64080592,0
,163.3043818,-77.59587314,0
,163.1681182,-77.61028964,0
,163.0901559,-77.61539956,0
,163.0649791,-77.64895894,0
,163.2263783,-77.60725741,0
,163.1727698,-77.60530932,0
,163.2274469,-77.5934178,0
,163.1238051,-77.62180713,0
,163.1180063,-77.61040249,0
,163.1679225,-77.63486604,0
,163.0423027,-77.63857553,0
,163.1233024,-77.63928327,0
,163.0995694,-77.63605964,0
,163.1034114,-77.61193712,0
,163.2335718,-77.59775577,0
,163.2240293,-77.60022055,0
,163.0639446,-77.64623682,0
,163.1356863,-77.59056747,0
,163.0949449,-77.62591717,0
,163.1479589,-77.62450084,0
,163.1037142,-77.59158972,0
,163.1979878,-77.60330026,0
,163.0202629,-77.62799963,0
,163.2422312,-77.59587385,0
,163.0517665,-77.62751169,0
,163.2566525,-77.60568347,0
,163.2264946,-77.60618398,0
,163.1269782,-77.64720623,0
,163.1195732,-77.63763207,0
,163.1678243,-77.63886294,0
,163.086132,-77.65447767,0
,163.1452772,-77.61490066,0
,163.1723649,-77.63663459,0
,163.1025739,-77.64304517,0
,163.1117617,-77.62401913,0
,163.2738411,-77.59403613,0
,163.1031316,-77.59099946,0
,163.2028278,-77.62881692,0
,163.2583062,-77.60943107,0
,163.136194,-77.62936021,0
,163.0847729,-77.59362177,0
,163.0792962,-77.61663022,0
,163.1099407,-77.62281485,0
,163.2361954,-77.59092494,0
,163.1809389,-77.60868211,0
,163.2788877,-77.61475638,0
,163.048932,-77.61983611,0
,163.2200657,-77.59365321,0
,163.1897631,-77.61300387,0
,163.2988733,-77.61112469,0
,163.190073,-77.6346001,0
,163.2330325,-77.58834348,0
,163.1122533,-77.64172943,0
,163.1629297,-77.61963448,0
,163.1597238,-77.64313853,0
,163.0930056,-77.63921268,0
,163.1878526,-77.60869905,0
,163.1012011,-77.63303768,0
,163.1271944,-77.60318774,0
,163.14439,-77.59837389,0
,163.0896459,-77.64704375,0
,163.1489868,-77.60349177,0
,163.0491761,-77.61773192,0
,163.2860258,-77.60349281,0
,163.0392276,-77.6176346,0
,163.0416705,-77.63628235,0
,163.1239838,-77.61964795,0
,163.0768905,-77.6140996,0
,163.2062664,-77.62330018,0
,163.014249,-77.61198572,0
,163.1538289,-77.62683837,0
,163.1239997,-77.61031308,0
,163.0840276,-77.64692955,0
,163.1910151,-77.61862327,0
,163.1812036,-77.62381307,0
,163.0855415,-77.60793313,0
,163.1526421,-77.6089537,0
,163.0924734,-77.59710819,0
,163.2242168,-77.59892167,0
,163.185874,-77.62495435,0
,163.1549361,-77.60032595,0
,163.1435894,-77.63624268,0
,163.031169,-77.60474087,0
,163.2157307,-77.58625104,0
,163.1912027,-77.60884139,0
,163.0190285,-77.62145059,0
,163.0044518,-77.61518935,0
,163.0704182,-77.60157707,0
,163.1421701,-77.64137575,0
,163.261894,-77.62091483,0
,163.2755224,-77.61451629,0
,163.1175433,-77.61010643,0
,163.0721609,-77.62977438,0
,163.2043722,-77.59342867,0
,163.0055922,-77.6196807,0
,163.0961943,-77.6017552,0
,163.2136349,-77.59779827,0
,163.0843481,-77.64563283,0
,162.9795421,-77.61213712,0
,163.2942518,-77.62261589,0
,163.1847031,-77.60211912,0
,163.3222979,-77.60053874,0
,163.1414134,-77.62973806,0
,163.2660865,-77.62357928,0
,163.1517621,-77.59370496,0
,163.1804459,-77.59054373,0
,163.1383701,-77.59546702,0
,163.009786,-77.60854056,0
,163.0453681,-77.62851265,0
,163.2787499,-77.62629531,0
,163.2891531,-77.61560842,0
,163.2476326,-77.60823404,0
,163.1034211,-77.62448337,0
,163.2113588,-77.60036967,0
,163.0525457,-77.607371,0
,163.0400959,-77.61754429,0
,163.2504412,-77.60436578,0
,163.1258394,-77.58808168,0
,163.2094957,-77.59696937,0
,163.277511,-77.60265093,0
,163.120504,-77.63016798,0
,163.0957567,-77.61305655,0
,163.060626,-77.6200966,0
,163.2553819,-77.61108404,0
,163.2046308,-77.63213984,0
,163.1127134,-77.64444646,0
,163.0936457,-77.65013354,0
,163.2402275,-77.59987621,0
,163.2171004,-77.61373105,0
,163.1883975,-77.60687558,0
,163.0932796,-77.61042934,0
,163.0972835,-77.6331794,0
,163.1979447,-77.63542212,0
,163.1873123,-77.62506523,0
,163.1691274,-77.60585671,0
,163.0313229,-77.60115229,0
,163.1426987,-77.64064831,0
,163.3195096,-77.60931191,0
,163.275725,-77.61382992,0
,163.1994742,-77.62136794,0
,163.3227048,-77.59925063,0
,163.1421883,-77.60098656,0
,163.2835235,-77.60471354,0
,163.2989534,-77.59525781,0
,163.0803135,-77.63209362,0
,163.1755083,-77.6422944,0
,163.262097,-77.62747616,0
,163.3162913,-77.60439484,0
,163.3294934,-77.60978041,0
,163.1233827,-77.6213316,0
,163.2835737,-77.60707424,0
,163.0598149,-77.63456755,0
,163.0872922,-77.64044387,0
,163.309549,-77.61492117,0
,163.0817277,-77.60474244,0
,163.0746492,-77.64430399,0
,163.0964078,-77.60641076,0
,163.0764935,-77.61142569,0
,163.2654862,-77.60822219,0
,163.2018028,-77.63042233,0
,163.1256641,-77.6245484,0
,163.1771027,-77.59755213,0
,163.2319545,-77.62990376,0
,163.1550983,-77.64002989,0
,163.0674091,-77.61089455,0
,163.2523434,-77.59496127,0
,163.1180297,-77.62592712,0
,162.9820499,-77.61787935,0
,163.1927192,-77.63512644,0
,163.1093823,-77.61606141,0
,163.332227,-77.61822848,0
,163.109952,-77.64170295,0
,163.2231962,-77.59942228,0
,163.2787001,-77.60436124,0
,163.2225111,-77.60582117,0
,163.0928332,-77.61386728,0
,163.0104244,-77.61305013,0
,163.1230766,-77.59380616,0
,163.2433285,-77.60990915,0
,163.1623041,-77.58696515,0
,163.1896343,-77.61664007,0
,163.2147901,-77.62233084,0
,163.1182262,-77.63746063,0
,163.0860431,-77.60531701,0
,163.1080852,-77.60591064,0
,163.1528665,-77.62256984,0
,163.2102261,-77.62703771,0
,163.1315609,-77.59044736,0
,163.1893637,-77.62617506,0
,163.3252658,-77.60996917,0
,163.0968534,-77.62184641,0
,163.050788,-77.6164417,0
,163.1952628,-77.61167257,0
,163.2381392,-77.5904379,0
,163.3000259,-77.61203792,0
,163.1621563,-77.60041087,0
,163.0344972,-77.63652552,0
,163.032901,-77.61661917,0
,163.0882819,-77.63450004,0
,163.1373702,-77.6487435,0
,163.1525394,-77.60141104,0
,163.1726777,-77.62813444,0
,163.1148231,-77.64423476,0
,163.2383493,-77.63465079,0
,163.2841438,-77.60043854,0
,163.1348196,-77.64551383,0
,163.2245279,-77.63142111,0
,163.2912254,-77.61522529,0
,163.1687292,-77.61851076,0
,163.2012626,-77.60529072,0
,163.132413,-77.64837228,0
,163.1163253,-77.59633952,0
,163.2141433,-77.63509525,0
,163.0306553,-77.61767392,0
,163.0419444,-77.61660222,0
,163.0603632,-77.62885803,0
,163.1383946,-77.64905413,0
,163.1653802,-77.58429559,0
,163.2064294,-77.63722567,0
,163.2092792,-77.60231478,0
,163.1923118,-77.62768261,0
,163.1097273,-77.63749606,0
,163.2100134,-77.59299848,0
,163.2437813,-77.59765875,0
,163.0769995,-77.65309201,0
,163.0096728,-77.60722387,0
,163.0150064,-77.62981438,0
,163.1029644,-77.65090051,0
,163.0721011,-77.62419483,0
,163.0435008,-77.64098207,0
,163.1230069,-77.63413217,0
,163.2279424,-77.59825302,0
,163.1372584,-77.64156717,0
,163.2064025,-77.60696735,0
,163.2618486,-77.59024986,0
,163.1775325,-77.59910343,0
,163.3331881,-77.61655253,0
,163.0804029,-77.64062033,0
,163.1643171,-77.63438188,0
,163.1121721,-77.65057096,0
,163.317157,-77.61591165,0
,163.0512153,-77.6090292,0
,163.0218157,-77.62054005,0
,163.2103195,-77.63334474,0
,163.0620529,-77.64199036,0
,163.0978702,-77.64130628,0
,163.0626718,-77.61627867,0
,163.0838492,-77.6326417,0
,163.1735392,-77.61439414,0
,163.2474715,-77.62810024,0
,163.0339435,-77.60978087,0
,163.0876404,-77.6543939,0
,163.1180388,-77.64983621,0
,163.284829,-77.61288764,0
,163.2791785,-77.62762091,0
,163.0845183,-77.63398233,0
,163.1346358,-77.63168939,0
,163.1040918,-77.59183025,0
,163.0633279,-77.61531099,0
,163.2091045,-77.59541911,0
,163.279256,-77.62062628,0
,162.9903424,-77.61006295,0
,163.0952153,-77.65024229,0
,163.2270602,-77.6140349,0
,163.0453096,-77.61887046,0
,163.2864741,-77.59376865,0
,163.0900281,-77.63238791,0
,163.221205,-77.62961713,0
,163.3212079,-77.61209603,0
,163.0593368,-77.62291158,0
,163.1901219,-77.63571979,0
,163.2344268,-77.60302638,0
,163.2705597,-77.60805578,0
,163.1265581,-77.61666287,0
,163.1940668,-77.63973717,0
,163.1365959,-77.62780708,0
,163.1409352,-77.61312555,0
,163.3165834,-77.62098255,0
,163.048061,-77.62963201,0
,163.1276099,-77.60154527,0
,163.2037203,-77.58368003,0
,163.3090242,-77.60497988,0
,163.1982224,-77.61546937,0
,163.1579177,-77.61592067,0
,163.0816848,-77.61840482,0
,163.2734138,-77.6151921,0
,163.1219619,-77.63221091,0
,163.0861811,-77.6048832,0
,163.1023538,-77.60704353,0
,163.1411777,-77.60503021,0
,163.0227548,-77.60597888,0
,163.0877425,-77.63076182,0
,163.0376663,-77.63336728,0
,163.2639027,-77.60397717,0
,163.1128806,-77.6326849,0
,163.0436178,-77.6353653,0
,163.2727939,-77.62960399,0
,163.2562798,-77.61449117,0
,163.2344058,-77.61097264,0
,163.1533877,-77.58597942,0
,163.2522863,-77.61230419,0
,163.0189265,-77.60712653,0
,163.1888615,-77.63498084,0
,163.1395711,-77.63362425,0
,163.1171335,-77.63096001,0
,163.1726657,-77.61120583,0
,163.1288229,-77.6110508,0
,163.2903922,-77.61609482,0
,163.148449,-77.60343947,0
,163.2160173,-77.62667165,0
,163.1635411,-77.61893103,0
,163.2774989,-77.60016435,0
,162.9694764,-77.61043786,0
,163.1271733,-77.61597998,0
,163.0240271,-77.60932562,0
,163.1174094,-77.6471226,0
,163.1011042,-77.60574011,0
,163.1699131,-77.58771528,0
,163.2528189,-77.60307018,0
,163.1917372,-77.59912575,0
,163.1797987,-77.58856844,0
,163.0347832,-77.60111969,0
,163.2496219,-77.63034717,0
,163.2082877,-77.62107737,0
,163.1140486,-77.65335486,0
,163.113868,-77.60658417,0
,163.0370302,-77.62028235,0
,163.0572791,-77.63699892,0
,163.2323476,-77.59167695,0
,162.9850495,-77.61741989,0
,163.2770159,-77.61562873,0
,163.1034735,-77.65079213,0
,163.2560841,-77.62303228,0
,163.1354382,-77.59932304,0
,163.2973191,-77.61287713,0
,163.1273018,-77.59346622,0
,163.2094603,-77.62588039,0
,163.210785,-77.59263076,0
,163.1342077,-77.59483592,0
,163.1495162,-77.59901404,0
,163.3061001,-77.60122998,0
,163.224094,-77.58537072,0
,163.283594,-77.60267644,0
,163.1698571,-77.60081304,0
,163.0199459,-77.60690287,0
,163.0364586,-77.62765316,0
,163.1775474,-77.59431662,0
,163.0834151,-77.62074037,0
,163.0744874,-77.64708253,0
,163.1638708,-77.63305544,0
,163.2059074,-77.59185485,0
,163.0853877,-77.63830797,0
,163.1346434,-77.60468065,0
,163.1244541,-77.60251582,0
,163.2545741,-77.58947846,0
,163.1590032,-77.60355296,0
,162.9883201,-77.60971469,0
,163.1643113,-77.59588185,0
,163.0684956,-77.62410641,0
,163.0236943,-77.60565134,0
,163.1636792,-77.64129806,0
,163.0828699,-77.65528595,0
,162.9897913,-77.61259177,0
,163.1462659,-77.64448106,0
,163.3179599,-77.60085392,0
,163.1369743,-77.64669922,0
,163.0776092,-77.65163591,0
,163.2771476,-77.5962589,0
,163.0421259,-77.60080257,0
,163.0061936,-77.61302409,0
,163.1911721,-77.59335052,0
,163.202126,-77.63774386,0
,163.2502176,-77.62315044,0
,163.0918074,-77.60000139,0
,163.251432,-77.61084659,0
,163.0390508,-77.63798166,0
,162.9827722,-77.61345057,0
,163.0727649,-77.64150468,0
,163.0097739,-77.60418683,0
,163.1731129,-77.61324957,0
,163.1922798,-77.61760198,0
,163.2443818,-77.62162167,0
,163.0970703,-77.63130687,0
,163.1617263,-77.60750413,0
,163.134802,-77.61505858,0
,163.3355813,-77.61548466,0
,163.032555,-77.60805338,0
,163.1105694,-77.63003478,0
,163.2269532,-77.63355956,0
,163.1322619,-77.60904037,0
,163.1176765,-77.60762688,0
,163.056692,-77.63974432,0
,163.0842326,-77.65320188,0
,163.1059222,-77.62730784,0
,163.2839161,-77.62543099,0
,163.3252133,-77.61272271,0
,163.2566896,-77.6138411,0
,163.2464894,-77.60699986,0
,163.2451511,-77.6048084,0
,163.0964258,-77.63487463,0
,163.3041488,-77.59963262,0
,163.0990721,-77.60994834,0
,163.2877855,-77.6164147,0
,163.2371594,-77.60243956,0
,163.3189961,-77.60656008,0
,163.1299602,-77.61411241,0
,163.273632,-77.597894,0
,163.1576215,-77.59773033,0
,163.1347266,-77.60954598,0
,163.0196821,-77.6058677,0
,163.0730346,-77.64002566,0
,163.2358507,-77.60739688,0
,163.2731927,-77.61122393,0
,163.0392724,-77.61003639,0
,163.1411361,-77.61711891,0
,163.2671531,-77.6150393,0
,163.0953453,-77.61395619,0
,163.2798455,-77.5945306,0
,163.1034437,-77.60241739,0
,163.181243,-77.62051119,0
,163.267509,-77.6191148,0
,163.1000191,-77.62218425,0
,163.0652705,-77.6268282,0
,163.0976387,-77.64703556,0
,163.0195552,-77.60385449,0
,163.1985438,-77.59445617,0
,163.2735776,-77.59418294,0
,163.3121551,-77.60656018,0
,163.1458677,-77.6487954,0
,163.1583943,-77.59502149,0
,163.0647333,-77.62018763,0
,163.2416621,-77.60630754,0
,163.1231834,-77.65132648,0
,163.0506236,-77.62731357,0
,163.1337865,-77.64581607,0
,163.0426771,-77.63217086,0
,163.0017107,-77.61653335,0
,163.1424819,-77.59091835,0
,163.1091366,-77.65371978,0
,163.0870211,-77.62176302,0
,163.1582923,-77.63806582,0
,163.3245862,-77.61890644,0
,163.0328439,-77.63245981,0
,163.2794286,-77.59433492,0
,163.1802,-77.61989864,0
,163.0770029,-77.59802595,0
,163.2074702,-77.61019241,0
,163.2845082,-77.59555878,0
,163.0115222,-77.60499593,0
,163.1313722,-77.62684128,0
,163.1655751,-77.61197886,0
,163.2956131,-77.60478601,0
,163.1404903,-77.60616567,0
,163.1429505,-77.60724239,0
,163.1050679,-77.60622108,0
,163.1268987,-77.62655142,0
,163.1729772,-77.60959181,0
,163.0231097,-77.63199884,0
,163.3232709,-77.60474189,0
,163.2169474,-77.60191412,0
,163.203648,-77.63159713,0
,163.1412786,-77.61276562,0
,163.0067796,-77.6191483,0
,163.1827896,-77.62159075,0
,163.0699093,-77.61650058,0
,163.0941568,-77.65003454,0
,163.1149243,-77.59105756,0
,163.1017486,-77.62723702,0
,163.210444,-77.58764107,0
,163.1364295,-77.59961633,0
,163.2592865,-77.6239726,0
,163.0709889,-77.62039087,0
,163.0798119,-77.62606463,0
,163.110211,-77.59239564,0
,163.0826263,-77.64780046,0
,163.1473196,-77.60852867,0
,163.1590163,-77.60433295,0
,163.033011,-77.62292326,0
,163.274491,-77.62969786,0
,163.2046663,-77.61056717,0
,163.3156414,-77.60685502,0
