OID_,CID,longitude,latitude
1,1,-77.600370679999997,163.306245829999995
2,1,-77.605108639999997,163.225294020000007
3,1,-77.642589680000000,163.081923389999986
4,1,-77.607783699999999,163.003998730000006
5,1,-77.604482709999999,163.077620539999998
6,1,-77.609438380000000,163.045761679999998
7,1,-77.606065880000003,163.189340439999995
8,1,-77.588262779999994,163.126631169999996
9,1,-77.642629830000004,163.151957920000001
10,1,-77.598245309999996,163.121966420000007
11,1,-77.610280709999998,163.055565070000000
12,1,-77.606636980000005,163.125853089999993
13,1,-77.605601160000006,163.220407480000006
14,1,-77.610872529999995,163.055239809999989
15,1,-77.646180830000006,163.135669150000012
16,1,-77.641219039999996,163.085449369999992
17,1,-77.603066870000006,163.098589299999986
18,1,-77.611531049999996,162.982600280000014
19,1,-77.599709559999994,163.042911540000006
20,1,-77.626321360000006,163.050487559999993
21,1,-77.628427040000005,163.201938439999992
22,1,-77.615324220000005,163.026964730000003
23,1,-77.632614200000006,163.170060729999989
24,1,-77.605357769999998,163.208700870000001
25,1,-77.592645270000006,163.196942650000011
26,1,-77.617480310000005,163.128309269999988
27,1,-77.648324070000001,163.073861190000002
28,1,-77.598074949999997,163.086686780000008
29,1,-77.609597730000004,163.279648009999988
30,1,-77.620248889999999,163.233413310000003
31,1,-77.611352909999994,163.284574609999993
32,1,-77.608876440000003,163.253676759999991
33,1,-77.612982029999998,163.142377049999993
34,1,-77.614851040000005,163.025294489999993
35,1,-77.616601390000000,163.305478340000008
36,1,-77.630863509999998,163.161467939999994
37,1,-77.608879970000004,163.294903540000007
38,1,-77.616762140000006,163.325916860000007
39,1,-77.605146180000006,163.008204239999998
40,1,-77.632415050000006,163.206477849999999
41,1,-77.604178570000002,163.141237910000001
42,1,-77.630911089999998,163.123113689999997
43,1,-77.590191340000004,163.220950369999997
44,1,-77.613470289999995,163.212947039999989
45,1,-77.595477349999996,163.243635250000011
46,1,-77.604920629999995,163.255457629999995
47,1,-77.642618020000000,163.183562270000010
48,1,-77.643417119999995,163.119719229999987
49,1,-77.605658890000001,163.280960759999999
50,1,-77.620312209999994,163.178379559999996
51,1,-77.586346680000005,163.139416299999993
52,1,-77.619546150000005,163.228028010000003
53,1,-77.622009239999997,163.119414760000012
54,1,-77.605192169999995,163.172629440000009
55,1,-77.622710810000001,163.162894480000006
56,1,-77.619227449999997,163.021730829999996
57,1,-77.605597759999995,163.306568489999989
58,1,-77.616537089999994,163.184785849999997
59,1,-77.608342359999995,163.163659220000000
60,1,-77.602953119999995,163.122445410000012
61,1,-77.643591830000005,163.101569810000001
62,1,-77.635191969999994,163.114722590000014
63,1,-77.614695240000003,162.985908239999986
64,1,-77.635863659999998,163.081058430000013
65,1,-77.611014630000000,163.059533119999998
66,1,-77.604571239999999,163.074442470000008
67,1,-77.628800499999997,163.031247809999996
68,1,-77.622707829999996,163.310214370000011
69,1,-77.600207560000001,163.040714089999994
70,1,-77.596638350000006,163.127009549999997
71,1,-77.598497949999995,163.133132770000003
72,1,-77.608272679999999,163.243961170000006
73,1,-77.629641770000006,163.022033459999989
74,1,-77.597500249999996,163.241337219999991
75,1,-77.625485870000006,163.222200880000003
76,1,-77.643308890000000,163.057872559999993
77,1,-77.638985070000004,163.216274169999991
78,1,-77.611150089999995,163.225403620000009
79,1,-77.600792209999994,163.246616420000009
80,1,-77.600258990000000,163.171378339999990
81,1,-77.615119710000002,163.168264160000007
82,1,-77.632116179999997,163.094226999999989
83,1,-77.592677879999997,163.122004169999997
84,1,-77.598619490000004,163.160991929999994
85,1,-77.618390719999994,163.158619079999994
86,1,-77.625096380000002,163.050454040000005
87,1,-77.586863120000004,163.233264429999991
88,1,-77.604894520000002,163.300851239999986
89,1,-77.615977060000006,163.094872360000011
90,1,-77.620268690000003,163.243954220000006
91,1,-77.628426910000002,163.168219219999997
92,1,-77.599353649999998,163.061414619999994
93,1,-77.631898579999998,163.106583459999996
94,1,-77.631053269999995,163.090204860000000
95,1,-77.632314760000000,163.135270069999990
96,1,-77.594167600000006,163.240180930000008
97,1,-77.619816619999995,163.150357280000009
98,1,-77.602741129999998,163.241096309999989
99,1,-77.608624230000004,163.245779480000010
100,1,-77.623340099999993,163.081315090000004
101,1,-77.596131700000001,163.241167689999997
102,1,-77.617813569999996,163.193827449999986
103,1,-77.594180300000005,163.177029769999990
104,1,-77.636947579999998,163.151795529999987
105,1,-77.620042080000005,163.304626079999991
106,1,-77.625035830000002,163.136152879999997
107,1,-77.590110129999999,163.128298070000000
108,1,-77.636525140000003,163.151444749999996
109,1,-77.634314630000006,163.089709139999997
110,1,-77.602098679999997,163.204445600000014
111,1,-77.612197600000002,163.046553039999992
112,1,-77.633717520000005,163.147524839999988
113,1,-77.608330199999997,163.306628700000005
114,1,-77.639347619999995,163.192709850000000
115,1,-77.595373039999998,163.179598449999986
116,1,-77.611476870000004,163.146693779999993
117,1,-77.634099079999999,163.053404699999987
118,1,-77.605435779999993,163.008615950000006
119,1,-77.632922100000002,163.104756009999988
120,1,-77.590739389999996,163.134838419999994
121,1,-77.614789479999999,163.252093459999998
122,1,-77.592616469999996,163.146901490000005
123,1,-77.633911999999995,163.059769590000002
124,1,-77.603384090000006,163.174289869999996
125,1,-77.639034989999999,163.063761430000000
126,1,-77.615038299999995,163.281436719999988
127,1,-77.591109540000005,163.192228980000010
128,1,-77.608891529999994,162.995222070000011
129,1,-77.605481679999997,163.224356580000006
130,1,-77.594636370000003,163.226792399999994
131,1,-77.619747889999999,163.324160760000012
132,1,-77.642242339999996,163.163003390000000
133,1,-77.602772419999994,163.197213129999994
134,1,-77.584612039999996,163.172092200000009
135,1,-77.633410240000003,163.206593859999998
136,1,-77.605358170000002,163.270168280000007
137,1,-77.648485949999994,163.118214510000001
138,1,-77.637117119999999,163.087457239999992
139,1,-77.618017739999999,163.211169450000000
140,1,-77.609206369999995,163.148327569999992
141,1,-77.600248339999993,163.129425199999986
142,1,-77.640886980000005,163.050170030000004
143,1,-77.607696270000005,163.232004100000012
144,1,-77.608200030000006,163.080075859999994
145,1,-77.602700549999994,163.018884500000013
146,1,-77.617255400000005,163.145379209999987
147,1,-77.598162459999998,163.304009680000007
148,1,-77.626621090000000,163.254400729999986
149,1,-77.609480099999999,162.998950390000005
150,1,-77.604659600000005,163.207747949999998
151,1,-77.602720419999997,163.323305860000005
152,1,-77.623046470000006,163.014332669999988
153,1,-77.622441839999993,163.141916890000005
154,1,-77.600419130000006,163.242870379999999
155,1,-77.609687960000002,163.265198450000014
156,1,-77.628941830000002,163.140572999999989
157,1,-77.603842430000000,163.133494339999999
158,1,-77.634676720000002,163.093920580000002
159,1,-77.612221899999994,163.046358139999995
160,1,-77.599797570000007,163.088730270000013
161,1,-77.590360099999998,163.205838340000014
162,1,-77.629022300000003,163.140011249999986
163,1,-77.634962419999994,163.185331280000014
164,1,-77.616931370000003,163.158507820000011
165,1,-77.620138449999999,163.165319140000008
166,1,-77.636875349999997,163.203559380000002
167,1,-77.618199950000005,163.268246519999991
168,1,-77.629098069999998,163.244509550000004
169,1,-77.600768790000004,163.151201170000007
170,1,-77.614847609999998,163.094619459999990
171,1,-77.623747730000005,163.260555180000011
172,1,-77.623665489999993,163.088901240000013
173,1,-77.626560979999994,163.009165349999989
174,1,-77.613491699999997,163.300859779999996
175,1,-77.620930180000002,163.005008419999996
176,1,-77.646447199999997,163.157969960000003
177,1,-77.631436429999994,163.116947339999996
178,1,-77.623479050000000,163.148200680000002
179,1,-77.626178949999996,163.050843020000002
180,1,-77.600005499999995,163.154690719999991
181,1,-77.633052879999994,163.143723950000009
182,1,-77.599486069999998,163.079387630000014
183,1,-77.599877590000006,163.207866020000012
184,1,-77.648454459999996,163.066915550000004
185,1,-77.612818410000003,163.177184720000014
186,1,-77.631437280000000,163.058893119999993
187,1,-77.623822790000006,163.249861769999995
188,1,-77.621362980000001,163.203636090000003
189,1,-77.610643710000005,162.977931960000006
190,1,-77.648844060000002,163.065991499999996
191,1,-77.622658610000002,163.195991690000000
192,1,-77.610521169999998,163.332197199999996
193,1,-77.648380299999999,163.077115240000012
194,1,-77.601343920000005,163.088439300000005
195,1,-77.634517520000003,163.111714030000002
196,1,-77.621282030000003,163.077365939999993
197,1,-77.655743700000002,163.082814659999997
198,1,-77.635145640000005,163.088287280000003
199,1,-77.611434540000005,162.978614789999995
200,1,-77.644953000000001,163.161604280000006
201,1,-77.617789669999993,163.328784119999995
202,1,-77.633742249999997,163.047155589999988
203,1,-77.601389319999996,163.040722359999990
204,1,-77.594712119999997,163.278575310000008
205,1,-77.625509500000007,163.281532569999996
206,1,-77.600581090000006,163.171329299999996
207,1,-77.605460039999997,163.137195660000003
208,1,-77.625895330000006,163.191460530000001
209,1,-77.604768449999995,163.206260710000009
210,1,-77.617060609999996,163.065982770000005
211,1,-77.612395210000003,163.289391779999988
212,1,-77.609713339999999,163.079521949999986
213,1,-77.608864670000003,163.252945949999997
214,1,-77.644639740000002,163.107591229999997
215,1,-77.630671039999996,163.035817939999987
216,1,-77.595289620000003,163.230023450000004
217,1,-77.630324999999999,163.052400349999999
218,1,-77.588509040000005,163.195877419999988
219,1,-77.615231190000003,163.185628919999999
220,1,-77.592511049999999,163.269402100000008
221,1,-77.634768190000003,163.100072460000007
222,1,-77.613658749999999,163.276755119999990
223,1,-77.652173320000003,163.095666950000009
224,1,-77.593135009999997,163.221882719999996
225,1,-77.590368499999997,163.219981880000006
226,1,-77.612204390000002,163.156363330000005
227,1,-77.625330020000007,163.204466029999992
228,1,-77.592286889999997,163.267505190000008
229,1,-77.611783009999996,163.324377160000012
230,1,-77.590328099999994,163.204741149999990
231,1,-77.620481110000000,163.084084410000003
232,1,-77.609189150000006,163.221305720000004
233,1,-77.605795499999999,163.178442649999994
234,1,-77.602997079999994,163.115919730000002
235,1,-77.617952189999997,162.996629570000010
236,1,-77.609238509999997,163.027552979999996
237,1,-77.600647409999993,163.046039089999994
238,1,-77.630315359999997,163.213811889999988
239,1,-77.640228030000003,163.066237680000000
240,1,-77.609415999999996,162.998475780000007
241,1,-77.618817340000007,163.196313839999988
242,1,-77.595833760000005,163.217077520000004
243,1,-77.630309760000003,163.207408079999993
244,1,-77.639043990000005,163.043975520000004
245,1,-77.586741590000003,163.197479640000012
246,1,-77.599302989999998,163.251629900000012
247,1,-77.609465549999996,163.188102490000006
248,1,-77.634668050000002,163.028828140000002
249,1,-77.605444860000006,163.156876420000003
250,1,-77.600111870000006,163.230962930000004
251,1,-77.585966709999994,163.148185170000005
252,1,-77.629029050000000,163.096729670000002
253,1,-77.612287760000001,163.039115460000005
254,1,-77.598261190000002,163.213694349999997
255,1,-77.639322190000001,163.076805250000007
256,1,-77.613677019999997,163.246652200000000
257,1,-77.612728410000003,163.231885799999986
258,1,-77.613156270000005,163.090916920000012
259,1,-77.628596790000003,163.107341329999997
260,1,-77.602070710000007,163.074532839999989
261,1,-77.602115859999998,163.220952329999989
262,1,-77.617186930000003,163.087101999999987
263,1,-77.611406720000005,163.154623359999988
264,1,-77.643668460000001,163.160563730000007
265,1,-77.588783390000003,163.121349350000003
266,1,-77.611180610000005,163.185603920000005
267,1,-77.583426770000003,163.191049359999994
268,1,-77.637219819999999,163.042893770000006
269,1,-77.614070679999998,163.274282580000005
270,1,-77.624149380000006,163.014283239999997
271,1,-77.603500679999996,163.117024100000009
272,1,-77.600112830000000,163.152700119999992
273,1,-77.603595540000001,163.044264429999998
274,1,-77.616760740000004,163.127497909999988
275,1,-77.590533750000006,163.181286860000000
276,1,-77.632800910000000,163.107088959999999
277,1,-77.624086210000002,163.000721660000011
278,1,-77.596603630000004,163.270225229999994
279,1,-77.614097990000005,163.113435290000012
280,1,-77.634825050000003,163.068867490000002
281,1,-77.598223200000007,163.196839369999992
282,1,-77.618362649999995,163.078938370000003
283,1,-77.610823269999997,163.186167170000004
284,1,-77.610424969999997,163.099585100000013
285,1,-77.627002919999995,163.274576870000004
286,1,-77.594195670000005,163.205429420000002
287,1,-77.618508539999993,163.250514329999987
288,1,-77.611036630000001,162.984215900000009
289,1,-77.611101829999996,163.133226610000008
290,1,-77.611191160000004,162.989465319999994
291,1,-77.619541790000000,163.308772970000007
292,1,-77.590859120000005,163.233204400000005
293,1,-77.644177549999995,163.148386520000003
294,1,-77.608309629999994,163.240232350000014
295,1,-77.631346140000005,163.111058299999996
296,1,-77.627381860000000,163.158209080000006
297,1,-77.609062150000000,163.031256270000000
298,1,-77.635095359999994,163.180474320000002
299,1,-77.656528820000005,163.088377580000014
300,1,-77.597091849999998,163.082755279999986
301,1,-77.614713390000006,163.044685630000004
302,1,-77.612341459999996,163.150490340000005
303,1,-77.629568410000005,163.154140280000007
304,1,-77.641395160000002,163.181175679999996
305,1,-77.648649259999999,163.122855390000012
306,1,-77.641826519999995,163.106605819999999
307,1,-77.608414240000002,163.137981459999992
308,1,-77.638818259999994,163.136575490000013
309,1,-77.649918360000001,163.067622959999994
310,1,-77.599212789999996,163.178966059999993
311,1,-77.610964850000002,163.277661330000001
312,1,-77.606525610000006,163.023988190000011
313,1,-77.598400720000001,163.087504359999997
314,1,-77.643124819999997,163.143066059999995
315,1,-77.610878940000006,163.016781659999992
316,1,-77.642051780000003,163.191693039999990
317,1,-77.622350359999999,163.309978500000000
318,1,-77.652912720000003,163.096526140000009
319,1,-77.606188709999998,163.069902530000007
320,1,-77.628278309999999,163.067185319999993
321,1,-77.616052409999995,163.256912389999997
322,1,-77.638962840000005,163.097466779999991
323,1,-77.627113379999997,163.142098650000008
324,1,-77.633774369999998,163.081078889999986
325,1,-77.636534949999998,163.136339440000000
326,1,-77.609362579999996,162.986162059999998
327,1,-77.627881650000006,163.197698870000011
328,1,-77.602312350000005,163.121559420000011
329,1,-77.618628639999997,163.189140780000002
330,1,-77.648473280000005,163.078771090000004
331,1,-77.630542660000003,163.048150079999999
332,1,-77.601357300000004,163.145757550000013
333,1,-77.600657889999994,163.319336889999988
334,1,-77.633088099999995,163.248955849999987
335,1,-77.607439569999997,163.318589959999997
336,1,-77.635277689999995,163.124709450000012
337,1,-77.631107060000005,163.233499459999990
338,1,-77.616979099999995,163.319668820000004
339,1,-77.632217109999999,163.089757560000010
340,1,-77.649978559999994,163.129894400000012
341,1,-77.629665660000001,163.237240740000004
342,1,-77.590139600000001,163.259540899999990
343,1,-77.623518669999996,163.150872109999995
344,1,-77.603890000000007,163.282062849999988
345,1,-77.635546439999999,163.038699619999988
346,1,-77.625688539999999,163.296916290000013
347,1,-77.627355350000002,163.108472059999997
348,1,-77.632425339999998,163.100347919999990
349,1,-77.625122779999998,163.225376130000001
350,1,-77.608167280000004,162.977182330000005
351,1,-77.612147780000001,163.005886029999999
352,1,-77.635120119999996,163.223683230000006
353,1,-77.650534280000002,163.080204030000004
354,1,-77.633327910000006,163.242504709999992
355,1,-77.598486059999999,163.297551290000001
356,1,-77.600027890000007,163.156792489999987
357,1,-77.614850259999997,163.274162999999987
358,1,-77.593160260000005,163.169210819999989
359,1,-77.622509699999995,163.216022680000009
360,1,-77.615382659999995,163.091651229999997
361,1,-77.627104270000004,163.114920719999986
362,1,-77.598157000000000,163.274845230000011
363,1,-77.607116419999997,163.005338760000001
364,1,-77.591790579999994,163.215284050000008
365,1,-77.638501869999999,163.189396219999992
366,1,-77.607045099999993,163.243210930000004
367,1,-77.604088489999995,163.030759810000006
368,1,-77.609918449999995,163.039887420000014
369,1,-77.596508670000006,163.127847510000009
370,1,-77.622168830000007,163.172283249999992
371,1,-77.616923049999997,163.234060580000005
372,1,-77.647209099999998,163.156562650000012
373,1,-77.618266270000007,163.300465559999992
374,1,-77.627567130000003,163.230166639999993
375,1,-77.607831020000006,163.252891440000013
376,1,-77.595055650000006,163.182555309999998
377,1,-77.613756780000003,163.025831640000007
378,1,-77.615231309999999,163.265762990000013
379,1,-77.597304359999995,163.291960509999996
380,1,-77.629507279999999,163.072956559999994
381,1,-77.599148619999994,163.299331050000006
382,1,-77.613640590000003,162.996485049999990
383,1,-77.605877489999997,163.123745920000005
384,1,-77.625733479999994,163.242592349999995
385,1,-77.605077940000001,163.116270159999999
386,1,-77.645002439999999,163.168018090000004
387,1,-77.622143390000005,163.196344560000000
388,1,-77.611586380000006,163.237737509999988
389,1,-77.599566409999994,163.150224339999994
390,1,-77.607831820000001,163.139906440000004
391,1,-77.628491580000002,163.163631909999992
392,1,-77.620826789999995,163.015632530000005
393,1,-77.591767219999994,163.099285400000014
394,1,-77.633175050000006,163.030836520000008
395,1,-77.609532840000000,163.166376969999988
396,1,-77.621487119999998,163.223986630000013
397,1,-77.596481679999997,163.203560839999994
398,1,-77.597868230000003,163.217391880000008
399,1,-77.635508930000000,163.028934279999987
400,1,-77.635101019999993,163.093649360000001
401,1,-77.614527019999997,163.302534259999987
402,1,-77.588681780000002,163.159058679999987
403,1,-77.616678870000001,163.121809979999995
404,1,-77.603797709999995,163.039375430000007
405,1,-77.613768019999995,163.173047480000008
406,1,-77.622816950000001,163.053541749999994
407,1,-77.606962469999999,163.197322020000001
408,1,-77.608432300000004,163.183618050000007
409,1,-77.629038919999999,163.230727370000011
410,1,-77.606634450000001,163.331650109999998
411,1,-77.611180419999997,163.305274040000000
412,1,-77.626214110000006,163.282421720000002
413,1,-77.637920339999994,163.221006890000012
414,1,-77.602288740000006,163.043536899999992
415,1,-77.608583760000002,163.055900739999998
416,1,-77.635935169999996,163.157018330000000
417,1,-77.609883170000003,163.027653649999991
418,1,-77.638744770000002,163.216831450000001
419,1,-77.592640810000006,163.247606170000012
420,1,-77.609870670000006,163.222612730000009
421,1,-77.646923560000005,163.072438159999990
422,1,-77.625341320000004,163.056514109999995
423,1,-77.599071969999997,163.310834410000012
424,1,-77.613932530000000,163.327428590000011
425,1,-77.616365740000006,163.248206740000001
426,1,-77.598467950000000,163.186131100000011
427,1,-77.590590759999998,163.225485880000008
428,1,-77.620518550000000,163.019319830000001
429,1,-77.592717629999996,163.224720740000009
430,1,-77.615397639999998,163.129902619999996
431,1,-77.603880570000001,163.143138499999992
432,1,-77.629797370000006,163.230180560000008
433,1,-77.600857890000000,163.087358480000006
434,1,-77.607385879999995,162.996285010000008
435,1,-77.625261620000003,163.263961200000011
436,1,-77.627235209999995,163.253993119999990
437,1,-77.622051459999994,163.306398489999992
438,1,-77.620453519999998,163.176794099999995
439,1,-77.609155150000007,163.333079129999987
440,1,-77.615404970000000,163.280889070000001
441,1,-77.594641769999996,163.108019350000006
442,1,-77.613333990000001,163.100938890000009
443,1,-77.600517550000006,163.240090449999997
444,1,-77.638436270000000,163.111358590000009
445,1,-77.592483970000004,163.154658530000006
446,1,-77.608781590000007,163.129462399999994
447,1,-77.588421569999994,163.161087199999997
448,1,-77.599873779999996,163.161789029999994
449,1,-77.607494540000005,163.281525030000012
450,1,-77.618613049999993,163.262111400000009
451,1,-77.614044939999999,163.248587680000014
452,1,-77.603583049999997,163.045001130000003
453,1,-77.598218230000001,163.234177850000009
454,1,-77.635667549999994,163.082404669999988
455,1,-77.599209029999997,163.045225850000008
456,1,-77.615540030000005,163.017327300000005
457,1,-77.609240349999993,163.165300550000012
458,1,-77.627556470000002,163.156263770000010
459,1,-77.631488689999998,163.239464199999986
460,1,-77.623053220000003,163.140127680000006
461,1,-77.612638160000003,163.174721250000005
462,1,-77.625675200000003,163.073221450000005
463,1,-77.617676070000002,163.102731629999994
464,1,-77.619724450000007,163.180837209999993
465,1,-77.616320490000007,163.165527069999996
466,1,-77.620247599999999,163.072538030000004
467,1,-77.609727410000005,163.011672119999986
468,1,-77.618150929999999,163.024143009999989
469,1,-77.632326250000006,163.209771170000010
470,1,-77.623309449999994,163.002407239999997
471,1,-77.646631880000001,163.060955919999998
472,1,-77.611023509999995,163.179957580000007
473,1,-77.607398790000005,163.213327090000007
474,1,-77.599961030000003,163.168764740000000
475,1,-77.599075880000001,163.097987579999995
476,1,-77.607020460000001,163.074188349999986
477,1,-77.592157819999997,163.187243459999991
478,1,-77.624282760000000,163.070992490000009
479,1,-77.603178439999994,163.211105080000010
480,1,-77.634765419999994,163.240804929999996
481,1,-77.634522039999993,163.121475320000002
482,1,-77.592919120000005,163.281943009999992
483,1,-77.612646880000000,163.124575560000011
484,1,-77.592524810000000,163.125722859999996
485,1,-77.619515870000001,163.214579390000011
486,1,-77.629949229999994,163.182236109999991
487,1,-77.620631140000000,163.034163739999997
488,1,-77.622913980000007,163.262019939999988
489,1,-77.593913520000001,163.286869359999997
490,1,-77.597953730000000,163.056773270000008
491,1,-77.613791210000002,163.298562989999994
492,1,-77.604882590000003,163.077174409999998
493,1,-77.639322010000001,163.194260310000004
494,1,-77.612533720000002,163.162995929999994
495,1,-77.638928149999998,163.214303559999991
496,1,-77.654618920000004,163.088167050000010
497,1,-77.628271970000000,163.105586749999986
498,1,-77.644645870000005,163.127239470000006
499,1,-77.629172299999993,163.066333759999992
500,1,-77.642447079999997,163.115658349999990
501,1,-77.597842540000002,163.166557719999986
502,1,-77.633313639999997,163.102569359999990
503,1,-77.639301230000001,163.145207900000003
504,1,-77.582982749999999,163.191799500000002
505,1,-77.641520999999997,163.113770149999993
506,1,-77.628922709999998,163.076692970000011
507,1,-77.616425109999994,163.024597540000002
508,1,-77.615949340000000,163.280967550000014
509,1,-77.639299050000005,163.168407730000013
510,1,-77.613503989999998,163.016294969999990
511,1,-77.583151439999995,163.187100890000011
512,1,-77.609600760000006,163.258161550000011
513,1,-77.633738930000007,163.235572389999987
514,1,-77.628261400000000,163.068340610000007
515,1,-77.633991739999999,163.242668650000013
516,1,-77.633900720000000,163.237141659999992
517,1,-77.657144090000003,163.086519670000001
518,1,-77.635520769999999,163.088457720000008
519,1,-77.605841299999994,163.127476029999997
520,1,-77.609033879999998,163.014166590000002
521,1,-77.623328680000000,163.027489349999996
522,1,-77.603857160000004,163.312578680000001
523,1,-77.638127940000004,163.164453790000010
524,1,-77.605989480000005,163.036973890000013
525,1,-77.648308499999999,163.071826130000005
526,1,-77.604483900000005,163.234719380000001
527,1,-77.623332090000005,163.010512229999989
528,1,-77.611754090000005,163.090076909999993
529,1,-77.633070390000000,163.037858849999992
530,1,-77.620772439999996,163.236900420000012
531,1,-77.615975149999997,163.141601030000004
532,1,-77.593338489999994,163.152291819999988
533,1,-77.613477320000001,163.128585390000012
534,1,-77.588646740000002,163.166474029999989
535,1,-77.603347499999998,163.062970799999988
536,1,-77.649689870000003,163.111240329999987
537,1,-77.598576539999996,163.294165240000012
538,1,-77.630712860000003,163.148246330000006
539,1,-77.596101379999993,163.073129749999993
540,1,-77.611598650000005,163.029945470000001
541,1,-77.600974910000005,163.268383019999987
542,1,-77.644311090000002,163.068760970000000
543,1,-77.619370660000001,162.997600860000006
544,1,-77.650027890000004,163.106111480000010
545,1,-77.602807049999996,163.144012019999991
546,1,-77.645838389999994,163.135002589999999
547,1,-77.593881920000001,163.143215459999993
548,1,-77.594069210000001,163.241430759999986
549,1,-77.646377169999994,163.103596470000014
550,1,-77.613348250000001,163.282447920000010
551,1,-77.617925020000001,162.992205020000000
552,1,-77.634420719999994,163.130885290000009
553,1,-77.635578030000005,163.232030490000000
554,1,-77.602086540000002,163.084712620000005
555,1,-77.592932869999999,163.140413889999991
556,1,-77.620554819999995,163.286479070000013
557,1,-77.618042619999997,163.061881010000008
558,1,-77.644754500000005,163.158163779999995
559,1,-77.603764339999998,163.270203320000007
560,1,-77.603462899999997,163.210060440000007
561,1,-77.610784870000003,163.127647810000013
562,1,-77.627252080000005,163.041904679999988
563,1,-77.590543040000000,163.259763779999986
564,1,-77.587403320000007,163.138883389999990
565,1,-77.627696979999996,163.242674450000010
566,1,-77.617855039999995,163.142750470000010
567,1,-77.606841160000002,163.226255939999987
568,1,-77.614049219999998,163.178538559999993
569,1,-77.596975180000001,163.230814989999999
570,1,-77.619123610000003,163.225211190000010
571,1,-77.596422910000001,163.221767959999994
572,1,-77.620487969999999,163.200485049999997
573,1,-77.600699570000003,163.030155439999987
574,1,-77.625834359999999,163.184706040000009
575,1,-77.604782139999998,163.182468050000011
576,1,-77.620189359999998,162.989355149999994
577,1,-77.591375170000006,163.117775569999992
578,1,-77.601822089999999,163.167744199999987
579,1,-77.601909269999993,163.178424699999994
580,1,-77.614290679999996,163.258635749999996
581,1,-77.624134159999997,163.307745170000004
582,1,-77.621869820000001,163.034172399999989
583,1,-77.630613389999994,163.083654690000003
584,1,-77.603764940000005,163.089298539999987
585,1,-77.608110310000001,163.190723899999995
586,1,-77.633359709999993,163.044058890000002
587,1,-77.599778479999998,163.123157819999989
588,1,-77.618881169999995,163.010059289999987
589,1,-77.619635070000001,163.169181930000008
590,1,-77.630908129999995,163.160986280000003
591,1,-77.599119020000003,163.105586369999997
592,1,-77.639918039999998,163.126183260000005
593,1,-77.587311610000000,163.196813249999991
594,1,-77.613293949999999,162.999214020000011
595,1,-77.630282949999994,163.087048339999996
596,1,-77.610388900000004,163.098142609999996
597,1,-77.610147530000006,163.314872009999988
598,1,-77.609497590000004,163.291688370000003
599,1,-77.599938510000001,163.288935290000012
600,1,-77.589522000000002,163.126755320000001
601,1,-77.616056240000006,163.053057719999998
602,1,-77.603577790000003,163.241112009999995
603,1,-77.610240450000006,163.260353939999987
604,1,-77.616177019999995,163.116188219999998
605,1,-77.624429169999999,163.226833559999989
606,1,-77.618187280000001,163.087072580000012
607,1,-77.625754279999995,163.165512189999987
608,1,-77.637848030000001,163.217063770000010
609,1,-77.608289679999999,163.147161759999989
610,1,-77.633854679999999,163.049570710000012
611,1,-77.585959919999993,163.221069160000013
612,1,-77.624845469999997,163.282920639999986
613,1,-77.591781589999997,163.261243739999998
614,1,-77.592253889999995,163.243822340000008
615,1,-77.639478479999994,163.067897630000004
616,1,-77.592483740000006,163.194033619999999
617,1,-77.616266060000001,163.161363880000010
618,1,-77.620713570000007,163.058150839999996
619,1,-77.605905730000003,163.311130469999995
620,1,-77.595772629999999,163.267326010000005
621,1,-77.606703879999998,163.078162069999991
622,1,-77.627720749999995,163.025619059999997
623,1,-77.598107069999998,163.200704940000008
624,1,-77.615553169999998,163.055405210000004
625,1,-77.590953859999999,163.183200459999995
626,1,-77.626904960000005,163.078745650000002
627,1,-77.600665320000004,163.221855900000008
628,1,-77.603092450000005,163.071388930000012
629,1,-77.603852799999999,163.218405359999991
630,1,-77.629149970000000,163.063278900000000
631,1,-77.593808850000002,163.224657100000002
632,1,-77.612492000000003,162.967856869999991
633,1,-77.620073829999995,163.037651740000001
634,1,-77.613385719999997,163.173234280000003
635,1,-77.632516240000001,163.119484180000001
636,1,-77.612935329999999,162.998540670000011
637,1,-77.612906960000004,163.111492290000001
638,1,-77.608908279999994,163.202559909999991
639,1,-77.645252859999999,163.088041970000006
640,1,-77.610618209999998,163.289087489999986
641,1,-77.620597770000003,163.062735400000008
642,1,-77.644387440000003,163.109344370000002
643,1,-77.601118659999997,163.130124990000013
644,1,-77.603882690000006,163.140358959999986
645,1,-77.603580260000001,163.169858640000001
646,1,-77.629903459999994,163.178891230000005
647,1,-77.608140230000004,163.192416220000013
648,1,-77.598973580000006,163.216776710000005
649,1,-77.631070649999998,163.155750399999988
650,1,-77.638871929999993,163.130381379999989
651,1,-77.606039890000005,163.078704740000006
652,1,-77.621488170000006,163.322496959999995
653,1,-77.619967790000004,163.100698340000008
654,1,-77.597408779999995,163.118512199999998
655,1,-77.600818730000000,163.120786979999991
656,1,-77.605007279999995,163.200073570000001
657,1,-77.629743829999995,163.049645040000001
658,1,-77.617429920000006,163.305079820000003
659,1,-77.614710959999996,163.280135900000005
660,1,-77.614970549999995,163.145823489999998
661,1,-77.635707370000006,163.146490349999993
662,1,-77.597633049999999,163.110533220000008
663,1,-77.609981140000002,163.142802530000012
664,1,-77.641133060000001,163.131661930000007
665,1,-77.596338849999995,163.267813630000006
666,1,-77.611077649999999,163.290981840000001
667,1,-77.621284939999995,163.204021089999998
668,1,-77.624943759999994,163.125638809999998
669,1,-77.600784869999998,163.222033960000005
670,1,-77.608884410000002,163.082460830000002
671,1,-77.604282429999998,163.106066330000004
672,1,-77.631323469999998,163.146222929999993
673,1,-77.592274480000000,163.263073950000006
674,1,-77.629267089999999,163.261227230000003
675,1,-77.638851040000006,163.206569120000012
676,1,-77.620685499999993,162.996400380000011
677,1,-77.611723710000007,163.185664029999998
678,1,-77.614847179999998,163.332349130000011
679,1,-77.621501480000006,163.273879550000004
680,1,-77.621522990000003,163.186656150000005
681,1,-77.608765660000003,163.166337940000005
682,1,-77.596485939999994,163.253619619999995
683,1,-77.627437310000005,163.151834489999999
684,1,-77.622203290000002,163.246285230000012
685,1,-77.637369780000000,163.154314629999988
686,1,-77.647765680000006,163.080469469999997
687,1,-77.625440459999993,163.013804920000013
688,1,-77.610051709999993,163.037783429999990
689,1,-77.627127389999998,163.230127320000008
690,1,-77.617111949999995,163.058795010000011
691,1,-77.596208840000003,163.272984250000007
692,1,-77.611354370000001,163.144750460000012
693,1,-77.609698249999994,163.053946050000008
694,1,-77.612233639999999,163.059643789999996
695,1,-77.607772420000003,163.106953030000000
696,1,-77.621997179999994,163.169159259999986
697,1,-77.646146279999996,163.109732729999990
698,1,-77.585101629999997,163.186789890000000
699,1,-77.598032270000004,163.302866940000001
700,1,-77.594524250000006,163.158428570000012
701,1,-77.602828529999996,163.326315520000009
702,1,-77.599902259999993,163.303286329999992
703,1,-77.630567369999994,163.090193429999999
704,1,-77.602367150000006,163.097568690000003
705,1,-77.618315620000004,163.249861699999997
706,1,-77.597145400000002,163.118862669999999
707,1,-77.623753640000004,163.282638899999995
708,1,-77.591359220000001,163.204477050000008
709,1,-77.609959290000006,163.277697649999993
710,1,-77.638124680000004,163.175211039999994
711,1,-77.618971430000002,163.242664480000002
712,1,-77.617096050000001,163.075345220000003
713,1,-77.631276119999995,163.022710950000004
714,1,-77.602030429999999,163.056578300000012
715,1,-77.627701400000007,163.033110440000002
716,1,-77.647477400000000,163.086783550000007
717,1,-77.600104840000000,163.092857559999999
718,1,-77.583033700000001,163.208265089999998
719,1,-77.639093419999995,163.040925539999989
720,1,-77.598185169999994,163.309942640000003
721,1,-77.608161019999997,163.175969699999996
722,1,-77.603099850000007,163.077291089999989
723,1,-77.617917100000000,163.308477850000003
724,1,-77.617425409999996,163.294316570000007
725,1,-77.594236199999997,163.232122900000007
726,1,-77.610670760000005,163.131101449999989
727,1,-77.644310719999993,163.125396490000014
728,1,-77.629349959999999,163.173104319999993
729,1,-77.611263199999996,163.151486619999986
730,1,-77.611776669999998,163.120625120000000
731,1,-77.584585680000004,163.178280410000013
732,1,-77.610405099999994,162.965742110000008
733,1,-77.598232300000006,163.218913240000006
734,1,-77.618988500000000,163.036340980000006
735,1,-77.643315569999999,163.083869899999996
736,1,-77.616413320000007,163.122358300000002
737,1,-77.611502590000001,162.994804560000006
738,1,-77.609779689999996,163.022123539999996
739,1,-77.599440270000002,163.163368209999987
740,1,-77.585474739999995,163.180692260000001
741,1,-77.598446530000004,163.192635620000004
742,1,-77.633214820000006,163.187248979999993
743,1,-77.616721409999997,163.182949299999990
744,1,-77.608033989999996,163.177977449999986
745,1,-77.640897580000001,163.086872050000011
746,1,-77.625242459999996,163.177314679999995
747,1,-77.599530349999995,163.162852770000001
748,1,-77.598789350000004,163.068736540000003
749,1,-77.643872380000005,163.162175359999992
750,1,-77.624695360000004,163.015760099999994
751,1,-77.599414240000002,163.214553510000002
752,1,-77.606537820000000,163.237739830000010
753,1,-77.640868209999994,163.164713180000007
754,1,-77.648917870000005,163.097633290000005
755,1,-77.611008560000002,163.270341589999987
756,1,-77.620139480000006,163.268541340000013
757,1,-77.613540250000000,163.046383759999998
758,1,-77.623527730000006,163.001873050000000
759,1,-77.595512400000004,163.137227109999998
760,1,-77.632715910000002,163.025316510000010
761,1,-77.599538449999997,163.227317529999993
762,1,-77.625880870000003,163.133797710000010
763,1,-77.606074640000003,163.117841410000011
764,1,-77.598198019999998,163.289317540000013
765,1,-77.622034630000002,163.027257499999990
766,1,-77.633446379999995,163.200044359999993
767,1,-77.602906520000005,163.093059439999990
768,1,-77.634150300000002,163.112263600000006
769,1,-77.601369270000006,163.277533960000000
770,1,-77.595703099999994,163.172145499999999
771,1,-77.606523699999997,163.103267499999987
772,1,-77.596514110000001,163.131956980000012
773,1,-77.618643399999996,163.110848500000003
774,1,-77.603589330000005,163.079324930000013
775,1,-77.621937799999998,163.153492239999991
776,1,-77.625786469999994,163.183979889999989
777,1,-77.653023669999996,163.105462619999997
778,1,-77.612553019999993,163.229946689999991
779,1,-77.626049440000003,163.077342520000002
780,1,-77.596264230000003,163.301023930000014
781,1,-77.596246420000000,163.069899880000008
782,1,-77.589279189999999,163.242656540000013
783,1,-77.642834850000000,163.175589650000006
784,1,-77.588814069999998,163.235988010000000
785,1,-77.637111509999997,163.060325349999999
786,1,-77.621918789999995,163.268582710000004
787,1,-77.595940249999998,163.095948529999987
788,1,-77.619030730000006,163.163911430000013
789,1,-77.613383630000001,163.272374109999987
790,1,-77.626567559999998,163.284242900000010
791,1,-77.602713980000004,163.184366219999987
792,1,-77.584728929999997,163.210665510000013
793,1,-77.616275930000000,163.005912389999992
794,1,-77.595065770000005,163.090914980000008
795,1,-77.647849519999994,163.085525700000005
796,1,-77.612497790000006,163.287678940000006
797,1,-77.618695200000005,163.313014970000012
798,1,-77.613209330000004,162.983758550000005
799,1,-77.654634770000001,163.086807980000003
800,1,-77.607940639999995,163.166866349999992
801,1,-77.615487250000001,163.330080170000002
802,1,-77.604398979999999,163.196115219999996
803,1,-77.627302830000005,163.040252269999996
804,1,-77.589652610000002,163.142438209999995
805,1,-77.633054259999994,163.248438740000012
806,1,-77.605408530000005,163.251412979999998
807,1,-77.630374939999996,163.022363909999996
808,1,-77.626598849999993,163.224742099999986
809,1,-77.619058050000007,163.060687370000011
810,1,-77.613649379999998,163.011428209999991
811,1,-77.596035340000000,163.079687360000008
812,1,-77.591242600000001,163.258468840000006
813,1,-77.623539800000003,163.018557670000007
814,1,-77.637900909999999,163.059688069999993
815,1,-77.599031920000002,163.204614120000002
816,1,-77.589902010000003,163.204052619999999
817,1,-77.614374929999997,162.977283949999986
818,1,-77.604939759999993,163.040536150000008
819,1,-77.608826379999996,163.237022789999997
820,1,-77.603487040000005,163.040273619999994
821,1,-77.602522519999994,163.093398589999993
822,1,-77.628321569999997,163.240586339999993
823,1,-77.598761019999998,163.304746829999999
824,1,-77.619470149999998,162.992068240000009
825,1,-77.606109219999993,163.096620330000007
826,1,-77.596960859999996,163.173817329999991
827,1,-77.624814760000007,163.020487879999990
828,1,-77.620736059999999,163.318697049999997
829,1,-77.604797410000003,163.025109490000006
830,1,-77.613768530000002,163.097457230000003
831,1,-77.617063000000002,163.282647200000014
832,1,-77.622709110000002,163.069488839999991
833,1,-77.645551330000004,163.111710140000014
834,1,-77.617954519999998,163.064968490000012
835,1,-77.603541350000000,163.303108530000003
836,1,-77.619856010000007,163.307239890000005
837,1,-77.613365889999997,163.137042070000007
838,1,-77.615526950000003,162.981807180000004
839,1,-77.639387979999995,163.103366419999986
840,1,-77.616330180000006,163.059638610000007
841,1,-77.620542290000003,163.227894370000001
842,1,-77.644813229999997,163.169916400000005
843,1,-77.625949919999996,163.111167289999997
844,1,-77.621990659999994,163.104367730000007
845,1,-77.638831039999999,163.099783190000011
846,1,-77.594929100000002,163.140009399999997
847,1,-77.618670370000004,163.148767579999998
848,1,-77.628756469999999,163.065375130000007
849,1,-77.601189660000003,163.153186290000008
850,1,-77.590188780000005,163.175107690000004
851,1,-77.587722779999993,163.128019169999988
852,1,-77.596507799999998,163.078753140000003
853,1,-77.650644139999997,163.098752130000008
854,1,-77.600719179999999,163.047530480000006
855,1,-77.617955420000001,163.226958300000007
856,1,-77.632274859999995,163.079569310000011
857,1,-77.601095330000007,163.270036140000002
858,1,-77.640680209999999,163.202745060000012
859,1,-77.601950900000006,163.059578929999986
860,1,-77.618488830000004,163.303871179999987
861,1,-77.606149430000002,163.318132630000008
862,1,-77.613472400000006,163.308002859999988
863,1,-77.604449389999999,163.157614529999989
864,1,-77.617182279999994,163.127170210000003
865,1,-77.599422730000001,163.096974869999997
866,1,-77.623453819999995,163.108720720000008
867,1,-77.605476740000000,163.035665179999995
868,1,-77.608699709999996,163.152677019999999
869,1,-77.621286470000001,163.303513890000005
870,1,-77.624246729999996,163.205917620000008
871,1,-77.607780050000002,163.330189700000005
872,1,-77.641178049999994,163.175960470000007
873,1,-77.601129709999995,163.055935080000012
874,1,-77.602183260000004,163.304605809999998
875,1,-77.616025129999997,163.170038260000013
876,1,-77.631889779999995,163.041214969999999
877,1,-77.612451519999993,163.172017479999994
878,1,-77.612052530000000,163.055117719999998
879,1,-77.611196899999996,163.184361050000007
880,1,-77.633577130000006,163.148069939999999
881,1,-77.618803069999998,163.308902549999999
882,1,-77.610102490000003,163.058131110000005
883,1,-77.628037699999993,163.217876819999987
884,1,-77.611026339999995,163.285716210000004
885,1,-77.601803899999993,163.225952030000002
886,1,-77.608926470000000,163.183015310000002
887,1,-77.616589880000006,162.987873460000003
888,1,-77.623477519999994,163.165394259999999
889,1,-77.628507979999995,163.037679370000006
890,1,-77.594847380000004,163.228286309999987
891,1,-77.601062119999995,163.270667680000003
892,1,-77.600010069999996,163.083553679999994
893,1,-77.618900100000005,162.990238010000013
894,1,-77.626648320000001,163.207127820000011
895,1,-77.609626700000007,163.042145930000004
896,1,-77.634289999999993,163.117763639999993
897,1,-77.638452310000005,163.194525160000012
898,1,-77.595456859999999,163.143542719999999
899,1,-77.597655090000003,163.153048490000003
900,1,-77.623483489999998,163.225019779999997
901,1,-77.607928779999995,163.236025869999992
902,1,-77.607938399999995,163.169379730000003
903,1,-77.613704089999999,163.019692350000014
904,1,-77.599802969999999,163.044198520000009
905,1,-77.600910029999994,163.179462749999999
906,1,-77.605379529999993,163.246861980000006
907,1,-77.600852500000002,163.103798399999988
908,1,-77.625099530000000,163.016346760000005
909,1,-77.590385679999997,163.181631290000013
910,1,-77.622453359999994,163.013704130000008
911,1,-77.614123739999997,163.010806650000006
912,1,-77.610725759999994,163.285093060000008
913,1,-77.593989640000004,163.103550339999998
914,1,-77.623776129999996,163.041639400000008
915,1,-77.597519520000006,163.128110639999989
916,1,-77.629929270000005,163.221570299999996
917,1,-77.621460270000000,163.155458549999992
918,1,-77.603068940000000,163.239154950000000
919,1,-77.585135489999999,163.168593770000001
920,1,-77.626385900000002,163.103238989999994
921,1,-77.635406399999994,163.226246940000010
922,1,-77.620297609999994,163.318505090000002
923,1,-77.628540529999995,163.154804740000003
924,1,-77.615697679999997,163.075351200000000
925,1,-77.629637919999993,163.093176800000009
926,1,-77.586901159999996,163.204914190000011
927,1,-77.630882990000003,163.085640880000000
928,1,-77.630142530000001,163.222263970000000
929,1,-77.614797490000001,163.051568989999993
930,1,-77.617249979999997,163.306305000000009
931,1,-77.600890989999996,163.076342360000012
932,1,-77.595148120000005,163.269563729999987
933,1,-77.615121729999998,163.077575700000011
934,1,-77.624504009999995,163.044118840000010
935,1,-77.616302770000004,163.253481060000013
936,1,-77.619171199999997,163.194480900000002
937,1,-77.617098150000004,162.982347620000013
938,1,-77.618392450000002,163.192883899999998
939,1,-77.618921650000004,163.122486670000001
940,1,-77.611739819999997,162.982156879999991
941,1,-77.599598099999994,163.296467110000009
942,1,-77.594703539999998,163.075003570000007
943,1,-77.622432689999997,163.137605030000003
944,1,-77.609788940000001,163.132188439999993
945,1,-77.624655680000004,163.248300830000005
946,1,-77.613097600000003,163.187279380000007
947,1,-77.642772109999996,163.062747910000013
948,1,-77.630088189999995,163.127827940000003
949,1,-77.597611680000000,163.247577040000010
950,1,-77.611458639999995,163.278103160000001
951,1,-77.618323619999998,163.309294300000005
952,1,-77.596084610000005,163.169470399999994
953,1,-77.625686689999995,163.165857710000012
954,1,-77.597128479999995,163.116212469999994
955,1,-77.603111170000005,163.218894479999989
956,1,-77.645076160000002,163.127468630000010
957,1,-77.624237390000005,163.300507560000000
958,1,-77.613022049999998,163.322906759999995
959,1,-77.607668799999999,163.021164300000009
960,1,-77.620049190000003,163.266941199999991
961,1,-77.605834119999997,163.099259270000005
962,1,-77.613809259999996,163.200841720000000
963,1,-77.636892610000004,163.130951479999993
964,1,-77.625503949999995,163.152959540000012
965,1,-77.622956540000004,163.126055790000009
966,1,-77.598180510000006,163.127832699999999
967,1,-77.582960639999996,163.194438450000007
968,1,-77.626944399999999,163.075804000000005
969,1,-77.606901070000006,163.214300759999986
970,1,-77.630945089999997,163.141618679999993
971,1,-77.597119879999994,163.197045000000003
972,1,-77.627620420000000,163.045892400000014
973,1,-77.597860170000004,163.147381800000005
974,1,-77.588546429999994,163.143303260000010
975,1,-77.612623940000006,163.278378989999993
976,1,-77.630980510000001,163.263797079999989
977,1,-77.628026210000002,163.108287700000005
978,1,-77.607829609999996,163.286134830000009
979,1,-77.647380909999995,163.110516939999997
980,1,-77.599907990000005,163.294285599999995
981,1,-77.644765640000003,163.124408369999998
982,1,-77.622435370000005,163.100886599999995
983,1,-77.637917939999994,163.041492659999989
984,1,-77.608735440000004,163.057761550000009
985,1,-77.609802139999999,163.334266339999999
986,1,-77.631566509999999,163.213474359999992
987,1,-77.625370500000002,163.014050520000012
988,1,-77.632292109999995,163.167656020000010
989,1,-77.641727509999996,163.067883870000003
990,1,-77.621704379999997,163.016281670000012
991,1,-77.605253700000006,163.231589200000002
992,1,-77.597914160000002,163.195497230000001
993,1,-77.602840160000000,163.185808930000007
994,1,-77.595127050000002,163.206786910000005
995,1,-77.638703230000004,163.101739759999987
996,1,-77.609029419999999,163.033859449999994
997,1,-77.617174270000007,163.188430119999992
998,1,-77.592680560000005,163.234349809999998
999,1,-77.590333740000005,163.121612209999995
1000,1,-77.649033630000005,163.080832539999989
1001,1,-77.646358399999997,163.109150069999998
1002,1,-77.639039120000007,163.150597040000008
1003,1,-77.621070480000000,163.213063220000009
1004,1,-77.630617090000001,163.147257789999998
1005,1,-77.624187359999993,163.185154409999996
1006,1,-77.610624400000006,163.109145530000006
1007,1,-77.639319409999999,163.076148179999990
1008,1,-77.603430419999995,163.316974570000014
1009,1,-77.632686199999995,163.164788280000010
1010,1,-77.622241570000000,163.178194050000002
1011,1,-77.646176969999999,163.121103599999998
1012,1,-77.611834430000002,163.145526429999990
1013,1,-77.615380970000004,163.147337090000008
1014,1,-77.601095369999996,163.194233389999994
1015,1,-77.629064130000003,163.138840090000002
1016,1,-77.615514860000005,163.328420440000002
1017,1,-77.612344739999998,163.059941960000003
1018,1,-77.642819970000005,163.072227669999990
1019,1,-77.629252399999999,163.097806060000011
1020,1,-77.607650690000000,163.137777050000011
1021,1,-77.610521320000004,163.305037270000014
1022,1,-77.614622429999997,163.284119260000011
1023,1,-77.632706380000002,163.182699560000003
1024,1,-77.631938840000004,163.051491489999989
1025,1,-77.618160860000003,163.251262550000007
1026,1,-77.608534340000006,163.249901980000004
1027,1,-77.612337969999999,163.074167670000008
1028,1,-77.651937849999996,163.084266159999999
1029,1,-77.599892890000007,163.047271990000013
1030,1,-77.609973810000000,163.135637750000001
1031,1,-77.615410269999998,162.979914040000011
1032,1,-77.604489200000003,163.027306699999997
1033,1,-77.613321729999996,163.256305319999996
1034,1,-77.597555189999994,163.071266580000014
1035,1,-77.603686300000007,163.179802219999999
1036,1,-77.629382219999997,163.086843869999996
1037,1,-77.614917079999998,163.129700670000005
1038,1,-77.614060019999997,163.288602309999987
1039,1,-77.641157570000004,163.063211859999996
1040,1,-77.616390679999995,162.981182410000002
1041,1,-77.635348940000000,163.105908099999994
1042,1,-77.608004500000007,163.266595050000006
1043,1,-77.585556639999993,163.164374220000013
1044,1,-77.622823310000001,163.275020170000005
1045,1,-77.621890089999994,163.183307299999996
1046,1,-77.616118929999999,163.178126569999989
1047,1,-77.638312560000003,163.110703550000011
1048,1,-77.640167529999999,163.075509299999993
1049,1,-77.602326180000006,163.276923519999997
1050,1,-77.642907159999993,163.049494030000005
1051,1,-77.606572249999999,163.131180779999994
1052,1,-77.613387990000007,163.014586890000004
1053,1,-77.645729739999993,163.120271800000012
1054,1,-77.593187420000007,163.188725699999992
1055,1,-77.594512679999994,163.269821549999989
1056,1,-77.627276559999999,163.237186229999992
1057,1,-77.633656810000005,163.163634830000007
1058,1,-77.615218760000005,162.976664970000002
1059,1,-77.620276200000006,163.263026840000009
1060,1,-77.584880729999995,163.174060150000003
1061,1,-77.607573230000000,163.305410050000006
1062,1,-77.620040230000001,163.147192530000012
1063,1,-77.631401499999996,163.244619720000003
1064,1,-77.636937730000000,163.106132989999992
1065,1,-77.643180610000002,163.074058909999991
1066,1,-77.632149360000000,163.114728710000009
1067,1,-77.645125030000003,163.109596560000000
1068,1,-77.600827089999996,163.109503899999993
1069,1,-77.597769009999993,163.222941249999991
1070,1,-77.597406579999998,163.315388350000006
1071,1,-77.625353640000000,163.148677880000008
1072,1,-77.631207419999996,163.031571500000013
1073,1,-77.596754610000005,163.249953970000007
1074,1,-77.624230749999995,163.105937589999996
1075,1,-77.618354740000001,163.113191360000002
1076,1,-77.642868930000006,163.147482069999995
1077,1,-77.618848009999994,163.101091679999996
1078,1,-77.611367759999993,163.303254530000004
1079,1,-77.648825669999994,163.127899829999990
1080,1,-77.614383000000004,163.314786080000005
1081,1,-77.604198229999994,163.294311080000000
1082,1,-77.617563669999996,163.000685479999987
1083,1,-77.638260279999997,163.055673500000012
1084,1,-77.646572199999994,163.161338449999988
1085,1,-77.646699350000006,163.090410389999988
1086,1,-77.615681019999997,163.314174220000012
1087,1,-77.598357980000003,163.149686519999989
1088,1,-77.610440109999999,163.001126859999999
1089,1,-77.590033620000000,163.144893349999990
1090,1,-77.604827409999999,163.161321909999998
1091,1,-77.611406140000000,163.075193589999998
1092,1,-77.638178249999996,163.133979390000007
1093,1,-77.602201440000002,163.274483519999990
1094,1,-77.611823569999999,163.249068499999993
1095,1,-77.610623320000002,163.078571860000011
1096,1,-77.623184350000002,163.114153789999989
1097,1,-77.611843750000006,163.099495079999997
1098,1,-77.610635549999998,163.026515730000000
1099,1,-77.596607890000001,163.243722789999993
1100,1,-77.619241110000004,163.121977049999998
1101,1,-77.616580510000006,163.281232100000011
1102,1,-77.625281819999998,163.056736989999990
1103,1,-77.590952729999998,163.140012219999988
1104,1,-77.607849590000001,163.059535799999992
1105,1,-77.638794529999998,163.074842579999995
1106,1,-77.642443940000007,163.149803160000005
1107,1,-77.643478090000002,163.151702809999989
1108,1,-77.592357030000002,163.198486819999999
1109,1,-77.605737259999998,163.256407090000010
1110,1,-77.650769629999999,163.079317949999989
1111,1,-77.604264349999994,163.123521110000013
1112,1,-77.617127379999999,163.061231620000001
1113,1,-77.590878300000000,163.174827270000009
1114,1,-77.605641349999999,163.167017219999991
1115,1,-77.609932490000006,163.205923530000007
1116,1,-77.602524020000004,163.316108140000011
1117,1,-77.584981339999999,163.201628940000006
1118,1,-77.626980290000006,163.258737319999994
1119,1,-77.608717709999993,163.291571620000013
1120,1,-77.602604700000001,163.186348809999998
1121,1,-77.592074380000000,163.278105909999994
1122,1,-77.608592950000002,163.051574240000008
1123,1,-77.610209549999993,163.002380230000000
1124,1,-77.597777489999999,163.284204420000009
1125,1,-77.591781839999996,163.220594199999994
1126,1,-77.609356259999998,163.023592170000001
1127,1,-77.597742470000000,163.302149299999996
1128,1,-77.650186509999997,163.117277559999991
1129,1,-77.620646420000000,163.296764590000009
1130,1,-77.646215870000006,163.110136110000013
1131,1,-77.587953279999994,163.209843820000003
1132,1,-77.605535119999999,163.305535700000007
1133,1,-77.600351860000004,163.153183070000011
1134,1,-77.609716759999998,163.222116870000008
1135,1,-77.611915150000002,163.153490040000008
1136,1,-77.600621169999997,163.043722169999995
1137,1,-77.589720389999997,163.173594360000010
1138,1,-77.608234499999995,163.274846129999986
1139,1,-77.611412680000001,163.266562410000006
1140,1,-77.631760229999998,163.141018409999987
1141,1,-77.602258800000001,163.279960609999989
1142,1,-77.595501810000002,163.141133599999989
1143,1,-77.613188089999994,162.978585129999999
1144,1,-77.620485489999993,163.087643880000002
1145,1,-77.600064230000001,163.210923000000008
1146,1,-77.617143220000003,162.981443409999997
1147,1,-77.607010189999997,163.230745119999995
1148,1,-77.597858979999998,163.130637570000005
1149,1,-77.609650970000004,163.029601109999987
1150,1,-77.609936619999999,163.149003649999997
1151,1,-77.609691040000001,163.237718010000009
1152,1,-77.637754819999998,163.034919480000013
1153,1,-77.620465800000005,163.211538579999996
1154,1,-77.614891729999997,163.081576539999986
1155,1,-77.647002229999998,163.154906140000008
1156,1,-77.632235580000000,163.219853129999990
1157,1,-77.627304510000002,163.179971499999994
1158,1,-77.599581680000000,163.221341580000001
1159,1,-77.614531200000002,163.285239060000009
1160,1,-77.617262179999997,163.298900610000004
1161,1,-77.616902569999993,163.212743679999988
1162,1,-77.596300580000005,163.178790789999994
1163,1,-77.619204969999998,163.303197619999992
1164,1,-77.600236440000003,163.074803080000009
1165,1,-77.643778990000001,163.091550259999991
1166,1,-77.614699329999993,163.335290270000002
1167,1,-77.629135910000002,163.035648989999999
1168,1,-77.602549159999995,163.158820700000007
1169,1,-77.597531059999994,163.135891329999993
1170,1,-77.635780819999994,163.087769720000011
1171,1,-77.649985040000004,163.094613180000010
1172,1,-77.623602439999999,163.130552580000000
1173,1,-77.635909970000000,163.063040749999999
1174,1,-77.610219189999995,163.077457170000002
1175,1,-77.611125720000004,163.307080670000005
1176,1,-77.622107069999998,163.306153230000007
1177,1,-77.624396379999993,163.126347790000011
1178,1,-77.614499490000000,163.231672730000014
1179,1,-77.616925890000005,163.336033579999992
1180,1,-77.599918360000004,163.041627720000008
1181,1,-77.598591679999998,163.121823970000008
1182,1,-77.598248249999997,163.063913479999997
1183,1,-77.596386629999998,163.283722409999996
1184,1,-77.595863739999999,163.173912129999991
1185,1,-77.629889259999999,163.179613469999993
1186,1,-77.594450620000003,163.231357800000012
1187,1,-77.600315629999997,163.300336469999991
1188,1,-77.614735629999998,163.209851890000010
1189,1,-77.613508740000000,163.295876999999990
1190,1,-77.608721799999998,163.026150930000000
1191,1,-77.598821500000000,163.225316279999987
1192,1,-77.618557969999998,163.105291660000006
1193,1,-77.619960599999999,163.114472580000012
1194,1,-77.633572409999999,163.243640120000009
1195,1,-77.611552149999994,162.984549909999998
1196,1,-77.606643520000006,163.211263819999999
1197,1,-77.645649309999996,163.112969569999990
1198,1,-77.598595860000003,163.187477500000000
1199,1,-77.625599070000007,163.117366790000005
1200,1,-77.635799180000006,163.228039800000005
1201,1,-77.614238720000003,163.215556480000004
1202,1,-77.595375180000005,163.187615840000007
1203,1,-77.602118149999995,163.086073550000009
1204,1,-77.607066599999996,162.988350580000002
1205,1,-77.612982470000006,163.258892699999990
1206,1,-77.603258929999996,163.260146679999991
1207,1,-77.615065459999997,163.328344509999994
1208,1,-77.622411799999995,163.092261760000014
1209,1,-77.620332030000000,163.088743779999987
1210,1,-77.639937380000006,163.053949439999997
1211,1,-77.641266889999997,163.113020140000003
1212,1,-77.616808800000001,163.289672929999995
1213,1,-77.634661649999998,163.179360940000009
1214,1,-77.602244429999999,163.305633980000010
1215,1,-77.602509970000000,163.263112930000005
1216,1,-77.582677029999999,163.192902570000001
1217,1,-77.623265029999999,163.167281610000003
1218,1,-77.622166879999995,163.302378360000006
1219,1,-77.600813250000002,163.136856810000012
1220,1,-77.630731479999994,163.202218820000013
1221,1,-77.625345769999996,163.217521479999988
1222,1,-77.629903979999995,163.067536710000013
1223,1,-77.629684060000002,163.017033559999987
1224,1,-77.624675569999994,163.080404410000000
1225,1,-77.614609259999995,163.137073280000010
1226,1,-77.637994660000004,163.188844219999993
1227,1,-77.626702989999998,163.135128680000008
1228,1,-77.632577229999995,163.153238469999991
1229,1,-77.593402729999994,163.169301530000013
1230,1,-77.607776580000007,163.217136140000008
1231,1,-77.588053389999999,163.179067209999999
1232,1,-77.594217999999998,163.231290639999997
1233,1,-77.641213800000003,163.092617590000003
1234,1,-77.604220159999997,163.037340459999996
1235,1,-77.598983790000005,163.163467230000009
1236,1,-77.620929540000006,163.104904059999996
1237,1,-77.612766140000005,163.168229020000012
1238,1,-77.640842579999997,163.062020780000012
1239,1,-77.626022350000000,163.117046950000002
1240,1,-77.612933350000006,163.185749979999997
1241,1,-77.614773310000004,163.278649269999988
1242,1,-77.637630119999997,163.097602539999997
1243,1,-77.613630250000000,163.100949880000002
1244,1,-77.598904759999996,163.237493720000003
1245,1,-77.591785790000003,163.273186140000007
1246,1,-77.606395079999999,163.070561309999988
1247,1,-77.632397460000007,163.120205520000013
1248,1,-77.616000409999998,163.046691040000013
1249,1,-77.607802440000000,163.014071139999999
1250,1,-77.617915220000000,163.208651199999991
1251,1,-77.638154439999994,163.089109619999988
1252,1,-77.596403409999994,163.219649839999988
1253,1,-77.623496110000005,163.169392299999998
1254,1,-77.618343699999997,163.019221740000006
1255,1,-77.635981330000007,163.090092090000013
1256,1,-77.588833809999997,163.193168609999987
1257,1,-77.602212710000003,163.035988320000001
1258,1,-77.633358889999997,163.030788470000005
1259,1,-77.619237319999996,162.991059330000013
1260,1,-77.603188439999997,163.019450820000003
1261,1,-77.596914630000001,163.297007970000010
1262,1,-77.624851930000005,163.128751190000003
1263,1,-77.611576749999998,162.979501360000000
1264,1,-77.627506550000007,163.172801719999995
1265,1,-77.595772629999999,163.099866850000012
1266,1,-77.606755609999993,163.029660540000009
1267,1,-77.626478340000006,163.107924370000006
1268,1,-77.626301440000006,163.280087570000006
1269,1,-77.613280200000005,163.077200440000013
1270,1,-77.603063770000006,163.107997500000010
1271,1,-77.621400469999998,163.268086079999989
1272,1,-77.618234729999998,163.187989929999986
1273,1,-77.598430170000000,163.137752229999990
1274,1,-77.618509979999999,163.278530060000008
1275,1,-77.612616250000002,162.975517450000012
1276,1,-77.625125400000002,163.256516699999992
1277,1,-77.587038269999994,163.190711920000012
1278,1,-77.604732380000002,163.033189679999992
1279,1,-77.610265970000000,163.173404309999995
1280,1,-77.621552350000002,163.240982489999993
1281,1,-77.601004509999996,163.063796440000004
1282,1,-77.622754229999998,163.280292430000003
1283,1,-77.647101309999996,163.106247489999987
1284,1,-77.601649420000001,163.263661920000004
1285,1,-77.606226730000003,163.198068180000007
1286,1,-77.616086740000000,163.082823789999992
1287,1,-77.596854600000000,163.075318500000009
1288,1,-77.610819280000001,163.015152940000007
1289,1,-77.620738729999999,163.206025280000006
1290,1,-77.605644240000004,163.145343859999997
1291,1,-77.603146480000007,163.078009240000000
1292,1,-77.618990359999998,163.175003909999987
1293,1,-77.612232050000003,163.198219520000009
1294,1,-77.602388790000006,163.183778840000002
1295,1,-77.592091870000004,163.190552289999999
1296,1,-77.623325919999999,163.024255979999992
1297,1,-77.614659450000005,163.002388880000012
1298,1,-77.618362000000005,163.042812720000001
1299,1,-77.639580350000003,163.204175179999993
1300,1,-77.594135159999993,163.149229960000014
1301,1,-77.594608699999995,163.218719469999996
1302,1,-77.643152270000002,163.072556999999989
1303,1,-77.597180100000003,163.189229740000002
1304,1,-77.596430119999994,163.251199799999995
1305,1,-77.607678640000003,163.307230989999994
1306,1,-77.621808529999996,163.226409490000009
1307,1,-77.646903469999998,163.091383189999988
1308,1,-77.634578509999997,163.198014590000014
1309,1,-77.611834549999998,163.035471419999993
1310,1,-77.609898639999997,163.179892109999997
1311,1,-77.630564269999994,163.028717720000003
1312,1,-77.613125010000005,163.068838110000002
1313,1,-77.620753539999995,163.206798469999995
1314,1,-77.633254089999994,163.252709350000003
1315,1,-77.614868000000001,163.243873750000006
1316,1,-77.609158120000004,163.017403750000000
1317,1,-77.617806669999993,163.278587820000013
1318,1,-77.641798410000007,163.173953019999999
1319,1,-77.635458009999994,163.177904829999989
1320,1,-77.627815159999997,163.021051919999991
1321,1,-77.608921490000000,163.211507339999997
1322,1,-77.651364040000004,163.109006289999996
1323,1,-77.616152139999997,163.136590680000012
1324,1,-77.594580059999998,163.148749579999986
1325,1,-77.601597249999998,163.197164369999996
1326,1,-77.622038009999997,163.067771090000008
1327,1,-77.604096720000001,163.112909480000013
1328,1,-77.609988060000006,163.238473639999995
1329,1,-77.655191849999994,163.101125980000006
1330,1,-77.620217319999995,163.259537359999996
1331,1,-77.624342479999996,163.111290450000013
1332,1,-77.616212529999999,163.163126919999996
1333,1,-77.619720040000004,163.166009419999995
1334,1,-77.632200940000004,163.155254159999998
1335,1,-77.612116889999996,162.982637130000001
1336,1,-77.613414199999994,163.189041390000000
1337,1,-77.612023899999997,163.217120520000009
1338,1,-77.618140800000006,163.109911589999996
1339,1,-77.585069610000005,163.224379610000000
1340,1,-77.602729670000002,163.107364530000012
1341,1,-77.612336589999998,163.319979810000007
1342,1,-77.637423920000003,163.099415179999994
1343,1,-77.637940159999999,163.129033880000009
1344,1,-77.644225530000000,163.168407500000001
1345,1,-77.647098749999998,163.108277140000013
1346,1,-77.631271040000001,163.070943870000008
1347,1,-77.630127740000006,163.203971990000014
1348,1,-77.592955099999998,163.222204330000011
1349,1,-77.648175710000004,163.148436459999999
1350,1,-77.601446519999996,163.067853729999996
1351,1,-77.590971220000000,163.122149500000006
1352,1,-77.611551770000005,163.243230140000009
1353,1,-77.585027229999994,163.208755080000003
1354,1,-77.602965859999998,163.083999949999992
1355,1,-77.628801969999998,163.255611750000014
1356,1,-77.642394929999995,163.095555420000011
1357,1,-77.600076389999998,163.315527809999992
1358,1,-77.631866310000007,163.198959029999997
1359,1,-77.605763339999996,163.259249939999989
1360,1,-77.631813769999994,163.206442900000013
1361,1,-77.625894950000003,163.040588109999987
1362,1,-77.614561170000002,163.132827990000010
1363,1,-77.604748279999995,163.139159290000009
1364,1,-77.611447630000001,163.156918429999990
1365,1,-77.593900050000002,163.131851170000004
1366,1,-77.616164100000006,163.196704530000005
1367,1,-77.629027410000006,163.246504929999986
1368,1,-77.619497719999998,163.195216140000014
1369,1,-77.593372320000000,163.287253240000013
1370,1,-77.599695190000006,163.189371020000010
1371,1,-77.615527299999997,163.191603649999990
1372,1,-77.616791440000000,163.181557249999997
1373,1,-77.624658719999999,163.202929180000012
1374,1,-77.629517129999996,163.128679919999996
1375,1,-77.617599409999997,163.294387099999994
1376,1,-77.596974810000006,163.241273080000013
1377,1,-77.640651989999995,163.179800610000001
1378,1,-77.617236030000001,163.234249870000014
1379,1,-77.625616820000005,163.267056760000003
1380,1,-77.586962839999998,163.164411000000001
1381,1,-77.605602980000000,163.108561549999990
1382,1,-77.610159080000003,163.224718929999995
1383,1,-77.617867390000001,163.078159480000011
1384,1,-77.607969460000007,163.068965410000004
1385,1,-77.606049450000000,163.122777299999996
1386,1,-77.618129839999995,163.220685739999993
1387,1,-77.605333000000002,163.189886980000011
1388,1,-77.625252050000000,163.225541660000005
1389,1,-77.614924060000007,163.110340570000005
1390,1,-77.600658620000004,163.236807340000013
1391,1,-77.597536210000001,163.053679149999994
1392,1,-77.580567299999998,163.183544610000013
1393,1,-77.591057699999993,163.176705779999992
1394,1,-77.599529899999993,163.042131570000009
1395,1,-77.635982170000005,163.218450710000013
1396,1,-77.625228079999999,163.069354919999995
1397,1,-77.599840510000007,163.136982850000010
1398,1,-77.626122370000004,163.231405429999995
1399,1,-77.611980430000003,163.305504159999998
1400,1,-77.616910590000003,163.289940730000012
1401,1,-77.618652870000005,163.206776759999997
1402,1,-77.643453800000003,163.071809139999999
1403,1,-77.651054430000002,163.127680800000007
1404,1,-77.606424300000000,163.081326569999987
1405,1,-77.619599579999999,163.288739840000005
1406,1,-77.585916580000003,163.166565170000013
1407,1,-77.591824860000003,163.212026949999995
1408,1,-77.616587390000007,163.260471120000005
1409,1,-77.606852140000001,163.313746030000004
1410,1,-77.602051540000005,163.047548780000000
1411,1,-77.595292029999996,163.096816060000009
1412,1,-77.628042030000003,163.214860310000006
1413,1,-77.611226689999995,163.224139610000009
1414,1,-77.607386930000004,163.180271680000004
1415,1,-77.630730189999994,163.120926690000005
1416,1,-77.634504280000002,163.127602410000009
1417,1,-77.615006609999995,163.010627139999997
1418,1,-77.594658310000000,163.289284689999988
1419,1,-77.654385349999998,163.094047679999989
1420,1,-77.635624050000004,163.039282179999987
1421,1,-77.602519430000001,163.068018489999986
1422,1,-77.620020040000000,163.064462829999997
1423,1,-77.650154490000006,163.114606600000002
1424,1,-77.619697610000003,163.088974549999989
1425,1,-77.626253520000006,163.154574169999989
1426,1,-77.605250650000002,163.076219750000007
1427,1,-77.609135039999998,163.327845510000003
1428,1,-77.624919180000006,163.118123690000004
1429,1,-77.611106120000002,163.056573979999996
1430,1,-77.649435780000005,163.099018430000001
1431,1,-77.610462540000000,163.163165789999994
1432,1,-77.608479160000002,162.981618880000013
1433,1,-77.613743290000002,163.000788180000001
1434,1,-77.589097050000007,163.213123870000004
1435,1,-77.635535750000003,163.067303500000008
1436,1,-77.628684179999993,163.074782010000007
1437,1,-77.625219299999998,163.084966830000013
1438,1,-77.625313660000003,163.087413199999986
1439,1,-77.620480549999996,163.309567450000003
1440,1,-77.615072010000006,163.063079520000002
1441,1,-77.640151140000000,163.187878680000011
1442,1,-77.596173910000005,163.080470160000004
1443,1,-77.631694499999995,163.042461970000005
1444,1,-77.620509269999999,163.146595880000007
1445,1,-77.582949090000000,163.186092589999987
1446,1,-77.625512630000003,163.013596080000013
1447,1,-77.631401139999994,163.233913889999997
1448,1,-77.595605059999997,163.079889619999989
1449,1,-77.626920279999993,163.212137149999990
1450,1,-77.597241220000001,163.305199829999992
1451,1,-77.603861499999994,163.238684659999990
1452,1,-77.617608489999995,163.067812989999993
1453,1,-77.620037760000002,163.271803430000006
1454,1,-77.599791249999996,163.319595459999988
1455,1,-77.620694279999995,163.319961390000003
1456,1,-77.616686560000005,162.992240019999997
1457,1,-77.606083630000001,163.098102159999996
1458,1,-77.619174569999998,163.168467889999988
1459,1,-77.594036399999993,163.170031260000002
1460,1,-77.629918720000006,163.195158029999988
1461,1,-77.631544439999999,163.051921490000012
1462,1,-77.643928299999999,163.118551539999999
1463,1,-77.610600820000002,163.224584219999997
1464,1,-77.618104439999996,163.286757590000008
1465,1,-77.649616730000005,163.094033370000005
1466,1,-77.604022860000001,163.260216530000008
1467,1,-77.616658380000004,163.012545890000013
1468,1,-77.616688220000000,163.249848570000012
1469,1,-77.619421709999997,163.216934559999999
1470,1,-77.594320310000001,163.254291599999988
1471,1,-77.616237089999998,163.054043540000009
1472,1,-77.613319959999998,163.146532629999996
1473,1,-77.603293019999995,163.208632370000004
1474,1,-77.636791070000001,163.149874689999990
1475,1,-77.617356250000000,163.099293340000003
1476,1,-77.625591959999994,163.074808179999991
1477,1,-77.618376209999994,163.110665790000013
1478,1,-77.599050009999999,163.218320379999994
1479,1,-77.606907370000002,162.991638779999988
1480,1,-77.616862389999994,163.087556419999999
1481,1,-77.605903150000003,163.245292540000008
1482,1,-77.606970910000001,163.312857110000010
1483,1,-77.586548120000003,163.168517409999993
1484,1,-77.628734039999998,163.104866799999996
1485,1,-77.627266649999996,163.069899700000008
1486,1,-77.627218020000001,163.051904479999990
1487,1,-77.637376549999999,163.228392570000011
1488,1,-77.638704099999998,163.105427609999992
1489,1,-77.628072549999999,163.045315310000007
1490,1,-77.605574259999997,163.233959190000007
1491,1,-77.622866220000006,163.046000509999999
1492,1,-77.598519449999998,163.235302609999991
1493,1,-77.629069040000005,163.178777849999989
1494,1,-77.612982479999999,163.207294679999990
1495,1,-77.607470860000006,163.070911190000004
1496,1,-77.605626209999997,163.240357890000013
1497,1,-77.606650849999994,163.147411140000003
1498,1,-77.621381580000005,163.316307609999996
1499,1,-77.604974619999993,163.288585210000008
1500,1,-77.604624569999999,163.042118289999991
1501,1,-77.613435499999994,163.329345910000001
1502,1,-77.601547150000002,163.237724070000013
1503,1,-77.616236060000006,163.183796970000003
1504,1,-77.638177790000000,163.167174810000006
1505,1,-77.625297279999998,163.262835400000000
1506,1,-77.641130000000004,163.185540720000006
1507,1,-77.622079080000006,163.229352119999987
1508,1,-77.603074750000005,163.133339669999998
1509,1,-77.598763559999995,163.290002460000011
1510,1,-77.626939100000001,163.231091999999990
1511,1,-77.614704579999994,163.298800340000014
1512,1,-77.595242549999995,163.121301100000011
1513,1,-77.604331770000002,163.059247029999995
1514,1,-77.624322770000006,163.248495689999999
1515,1,-77.622669540000004,163.304752960000002
1516,1,-77.614324769999996,163.165159670000008
1517,1,-77.625128610000004,163.273484770000010
1518,1,-77.620552050000001,163.227360549999986
1519,1,-77.640805920000005,163.196639080000011
1520,1,-77.595873139999995,163.304381799999987
1521,1,-77.610289640000005,163.168118230000005
1522,1,-77.615399560000000,163.090155900000013
1523,1,-77.648958940000000,163.064979050000005
1524,1,-77.607257410000003,163.226378299999993
1525,1,-77.605309320000003,163.172769759999994
1526,1,-77.593417799999997,163.227446920000006
1527,1,-77.621807129999993,163.123805070000003
1528,1,-77.610402489999998,163.118006339999994
1529,1,-77.634866040000006,163.167922470000008
1530,1,-77.638575529999997,163.042302739999997
1531,1,-77.639283270000007,163.123302410000008
1532,1,-77.636059639999999,163.099569419999995
1533,1,-77.611937119999993,163.103411399999999
1534,1,-77.597755770000006,163.233571820000009
1535,1,-77.600220550000003,163.224029269999988
1536,1,-77.646236819999999,163.063944550000002
1537,1,-77.590567469999996,163.135686340000007
1538,1,-77.625917169999994,163.094944859999998
1539,1,-77.624500839999996,163.147958939999995
1540,1,-77.591589720000002,163.103714200000013
1541,1,-77.603300259999997,163.197987810000001
1542,1,-77.627999630000005,163.020262940000009
1543,1,-77.595873850000004,163.242231180000005
1544,1,-77.627511690000006,163.051766450000002
1545,1,-77.605683470000002,163.256652540000005
1546,1,-77.606183979999997,163.226494639999999
1547,1,-77.647206229999995,163.126978220000012
1548,1,-77.637632069999995,163.119573169999995
1549,1,-77.638862939999996,163.167824289999999
1550,1,-77.654477670000006,163.086132029999987
1551,1,-77.614900660000004,163.145277230000005
1552,1,-77.636634590000000,163.172364929999986
1553,1,-77.643045169999994,163.102573909999990
1554,1,-77.624019129999994,163.111761730000012
1555,1,-77.594036130000006,163.273841080000011
1556,1,-77.590999460000006,163.103131569999988
1557,1,-77.628816920000006,163.202827820000010
1558,1,-77.609431069999999,163.258306180000005
1559,1,-77.629360210000002,163.136194020000005
1560,1,-77.593621769999999,163.084772930000014
1561,1,-77.616630220000005,163.079296150000005
1562,1,-77.622814849999997,163.109940700000010
1563,1,-77.590924939999994,163.236195409999993
1564,1,-77.608682110000004,163.180938870000006
1565,1,-77.614756380000003,163.278887690000005
1566,1,-77.619836109999994,163.048931960000004
1567,1,-77.593653209999999,163.220065659999989
1568,1,-77.613003870000000,163.189763090000014
1569,1,-77.611124689999997,163.298873310000005
1570,1,-77.634600100000000,163.190073020000000
1571,1,-77.588343480000006,163.233032489999999
1572,1,-77.641729429999998,163.112253269999997
1573,1,-77.619634480000002,163.162929749999989
1574,1,-77.643138530000002,163.159723839999998
1575,1,-77.639212680000000,163.093005640000001
1576,1,-77.608699049999998,163.187852560000010
1577,1,-77.633037680000001,163.101201080000010
1578,1,-77.603187739999996,163.127194379999992
1579,1,-77.598373890000005,163.144389990000008
1580,1,-77.647043749999995,163.089645880000006
1581,1,-77.603491770000005,163.148986780000001
1582,1,-77.617731919999997,163.049176119999998
1583,1,-77.603492810000006,163.286025789999997
1584,1,-77.617634600000002,163.039227610000012
1585,1,-77.636282350000002,163.041670490000001
1586,1,-77.619647950000001,163.123983820000007
1587,1,-77.614099600000003,163.076890520000006
1588,1,-77.623300180000001,163.206266410000012
1589,1,-77.611985720000007,163.014249000000007
1590,1,-77.626838370000002,163.153828930000003
1591,1,-77.610313079999997,163.123999720000000
1592,1,-77.646929549999996,163.084027609999993
1593,1,-77.618623270000001,163.191015050000004
1594,1,-77.623813069999997,163.181203610000011
1595,1,-77.607933130000006,163.085541549999988
1596,1,-77.608953700000001,163.152642130000004
1597,1,-77.597108190000000,163.092473399999989
1598,1,-77.598921669999996,163.224216820000009
1599,1,-77.624954349999996,163.185873979999997
1600,1,-77.600325949999998,163.154936060000011
1601,1,-77.636242679999995,163.143589440000000
1602,1,-77.604740870000001,163.031169040000009
1603,1,-77.586251039999993,163.215730729999990
1604,1,-77.608841389999995,163.191202680000004
1605,1,-77.621450589999995,163.019028450000008
1606,1,-77.615189349999994,163.004451770000003
1607,1,-77.601577070000005,163.070418179999990
1608,1,-77.641375749999995,163.142170060000012
1609,1,-77.620914830000004,163.261894030000008
1610,1,-77.614516289999997,163.275522370000004
1611,1,-77.610106430000002,163.117543320000010
1612,1,-77.629774380000001,163.072160870000005
1613,1,-77.593428669999994,163.204372229999990
1614,1,-77.619680700000004,163.005592180000008
1615,1,-77.601755199999999,163.096194260000004
1616,1,-77.597798269999998,163.213634869999993
1617,1,-77.645632829999997,163.084348059999996
1618,1,-77.612137120000000,162.979542129999999
1619,1,-77.622615890000006,163.294251769999988
1620,1,-77.602119119999998,163.184703119999995
1621,1,-77.600538740000005,163.322297910000003
1622,1,-77.629738059999994,163.141413370000009
1623,1,-77.623579280000001,163.266086540000003
1624,1,-77.593704959999997,163.151762109999993
1625,1,-77.590543729999993,163.180445929999991
1626,1,-77.595467020000001,163.138370119999990
1627,1,-77.608540559999994,163.009785980000004
1628,1,-77.628512650000005,163.045368130000014
1629,1,-77.626295310000003,163.278749909999988
1630,1,-77.615608420000001,163.289153120000009
1631,1,-77.608234039999999,163.247632610000011
1632,1,-77.624483369999993,163.103421109999999
1633,1,-77.600369670000006,163.211358780000012
1634,1,-77.607371000000001,163.052545699999996
1635,1,-77.617544289999998,163.040095900000011
1636,1,-77.604365779999995,163.250441179999996
1637,1,-77.588081680000002,163.125839430000013
1638,1,-77.596969369999997,163.209495680000003
1639,1,-77.602650929999996,163.277510979999988
1640,1,-77.630167979999996,163.120504019999998
1641,1,-77.613056549999996,163.095756700000010
1642,1,-77.620096599999997,163.060626009999993
1643,1,-77.611084039999994,163.255381940000007
1644,1,-77.632139839999994,163.204630780000002
1645,1,-77.644446459999998,163.112713390000010
1646,1,-77.650133539999999,163.093645689999988
1647,1,-77.599876210000005,163.240227540000006
1648,1,-77.613731049999998,163.217100429999988
1649,1,-77.606875579999993,163.188397509999987
1650,1,-77.610429339999996,163.093279569999993
1651,1,-77.633179400000003,163.097283540000006
1652,1,-77.635422120000001,163.197944680000006
1653,1,-77.625065230000004,163.187312289999994
1654,1,-77.605856709999998,163.169127379999992
1655,1,-77.601152290000002,163.031322929999988
1656,1,-77.640648310000003,163.142698679999995
1657,1,-77.609311910000002,163.319509579999988
1658,1,-77.613829920000001,163.275724959999991
1659,1,-77.621367939999999,163.199474240000001
1660,1,-77.599250630000000,163.322704780000009
1661,1,-77.600986559999996,163.142188250000004
1662,1,-77.604713540000006,163.283523529999997
1663,1,-77.595257810000007,163.298953360000013
1664,1,-77.632093620000006,163.080313490000009
1665,1,-77.642294399999997,163.175508250000007
1666,1,-77.627476160000001,163.262097019999999
1667,1,-77.604394839999998,163.316291320000005
1668,1,-77.609780409999999,163.329493439999993
1669,1,-77.621331600000005,163.123382740000011
1670,1,-77.607074240000003,163.283573670000010
1671,1,-77.634567550000000,163.059814929999987
1672,1,-77.640443869999999,163.087292200000007
1673,1,-77.614921170000002,163.309549000000004
1674,1,-77.604742439999995,163.081727699999988
1675,1,-77.644303989999997,163.074649179999994
1676,1,-77.606410760000003,163.096407800000009
1677,1,-77.611425690000004,163.076493499999998
1678,1,-77.608222190000006,163.265486180000011
1679,1,-77.630422330000002,163.201802810000004
1680,1,-77.624548399999995,163.125664050000012
1681,1,-77.597552129999997,163.177102660000003
1682,1,-77.629903760000005,163.231954480000013
1683,1,-77.640029889999994,163.155098290000012
1684,1,-77.610894549999998,163.067409059999989
1685,1,-77.594961269999999,163.252343419999988
1686,1,-77.625927120000000,163.118029680000006
1687,1,-77.617879349999995,162.982049850000010
1688,1,-77.635126439999993,163.192719189999991
1689,1,-77.616061410000000,163.109382310000001
1690,1,-77.618228479999999,163.332227009999997
1691,1,-77.641702949999996,163.109951990000013
1692,1,-77.599422279999999,163.223196180000002
1693,1,-77.604361240000003,163.278700060000006
1694,1,-77.605821169999999,163.222511080000004
1695,1,-77.613867279999994,163.092833189999993
1696,1,-77.613050130000005,163.010424370000010
1697,1,-77.593806160000000,163.123076599999990
1698,1,-77.609909149999993,163.243328480000002
1699,1,-77.586965149999997,163.162304080000013
1700,1,-77.616640070000003,163.189634299999994
1701,1,-77.622330840000004,163.214790139999991
1702,1,-77.637460630000007,163.118226170000014
1703,1,-77.605317009999993,163.086043060000009
1704,1,-77.605910640000005,163.108085160000002
1705,1,-77.622569839999997,163.152866499999988
1706,1,-77.627037709999996,163.210226059999997
1707,1,-77.590447359999999,163.131560919999998
1708,1,-77.626175059999994,163.189363659999998
1709,1,-77.609969169999999,163.325265830000006
1710,1,-77.621846410000003,163.096853430000010
1711,1,-77.616441699999996,163.050788009999991
1712,1,-77.611672569999996,163.195262769999999
1713,1,-77.590437899999998,163.238139219999994
1714,1,-77.612037920000006,163.300025949999991
1715,1,-77.600410870000005,163.162156250000010
1716,1,-77.636525520000006,163.034497210000012
1717,1,-77.616619170000007,163.032900979999994
1718,1,-77.634500040000006,163.088281919999986
1719,1,-77.648743499999995,163.137370169999997
1720,1,-77.601411040000002,163.152539370000000
1721,1,-77.628134439999997,163.172677670000013
1722,1,-77.644234760000003,163.114823059999992
1723,1,-77.634650789999995,163.238349260000007
1724,1,-77.600438539999999,163.284143769999986
1725,1,-77.645513829999999,163.134819550000003
1726,1,-77.631421110000005,163.224527880000011
1727,1,-77.615225289999998,163.291225379999986
1728,1,-77.618510760000007,163.168729170000006
1729,1,-77.605290719999999,163.201262560000004
1730,1,-77.648372280000004,163.132413030000009
1731,1,-77.596339520000001,163.116325270000004
1732,1,-77.635095250000006,163.214143280000002
1733,1,-77.617673920000001,163.030655289999999
1734,1,-77.616602220000004,163.041944370000010
1735,1,-77.628858030000004,163.060363239999987
1736,1,-77.649054129999996,163.138394570000003
1737,1,-77.584295589999996,163.165380190000008
1738,1,-77.637225670000007,163.206429409999998
1739,1,-77.602314780000000,163.209279210000005
1740,1,-77.627682609999994,163.192311819999986
1741,1,-77.637496060000004,163.109727279999987
1742,1,-77.592998480000006,163.210013379999992
1743,1,-77.597658749999994,163.243781250000012
1744,1,-77.653092009999995,163.076999470000004
1745,1,-77.607223869999999,163.009672789999996
1746,1,-77.629814379999999,163.015006419999992
1747,1,-77.650900510000000,163.102964390000011
1748,1,-77.624194829999993,163.072101099999998
1749,1,-77.640982070000007,163.043500849999987
1750,1,-77.634132170000001,163.123006940000010
1751,1,-77.598253020000001,163.227942369999994
1752,1,-77.641567170000002,163.137258379999992
1753,1,-77.606967350000005,163.206402459999993
1754,1,-77.590249860000000,163.261848609999987
1755,1,-77.599103430000000,163.177532549999995
1756,1,-77.616552530000007,163.333188110000009
1757,1,-77.640620330000004,163.080402910000004
1758,1,-77.634381880000007,163.164317079999989
1759,1,-77.650570959999996,163.112172149999992
1760,1,-77.615911650000001,163.317157030000004
1761,1,-77.609029199999995,163.051215339999999
1762,1,-77.620540050000002,163.021815690000011
1763,1,-77.633344739999998,163.210319459999994
1764,1,-77.641990359999994,163.062052940000001
1765,1,-77.641306279999995,163.097870199999988
1766,1,-77.616278670000000,163.062671770000009
1767,1,-77.632641699999994,163.083849240000006
1768,1,-77.614394140000002,163.173539199999993
1769,1,-77.628100239999995,163.247471509999997
1770,1,-77.609780869999994,163.033943510000000
1771,1,-77.654393900000002,163.087640389999990
1772,1,-77.649836210000004,163.118038780000006
1773,1,-77.612887639999997,163.284828959999999
1774,1,-77.627620910000005,163.279178459999997
1775,1,-77.633982329999995,163.084518269999990
1776,1,-77.631689390000005,163.134635760000009
1777,1,-77.591830250000001,163.104091799999992
1778,1,-77.615310989999998,163.063327880000003
1779,1,-77.595419109999995,163.209104529999991
1780,1,-77.620626279999996,163.279256000000004
1781,1,-77.610062950000000,162.990342389999995
1782,1,-77.650242289999994,163.095215260000003
1783,1,-77.614034899999993,163.227060249999994
1784,1,-77.618870459999997,163.045309599999996
1785,1,-77.593768650000001,163.286474080000005
1786,1,-77.632387910000006,163.090028109999992
1787,1,-77.629617130000000,163.221205029999993
1788,1,-77.612096030000004,163.321207890000011
1789,1,-77.622911579999993,163.059336790000003
1790,1,-77.635719789999996,163.190121890000000
1791,1,-77.603026380000003,163.234426780000007
1792,1,-77.608055780000001,163.270559679999991
1793,1,-77.616662869999999,163.126558139999986
1794,1,-77.639737170000004,163.194066789999994
1795,1,-77.627807079999997,163.136595949999986
1796,1,-77.613125550000007,163.140935240000005
1797,1,-77.620982549999994,163.316583449999996
1798,1,-77.629632009999995,163.048061039999993
1799,1,-77.601545270000003,163.127609879999994
1800,1,-77.583680029999996,163.203720279999999
1801,1,-77.604979880000002,163.309024169999986
1802,1,-77.615469370000000,163.198222390000012
1803,1,-77.615920669999994,163.157917690000005
1804,1,-77.618404819999995,163.081684819999992
1805,1,-77.615192100000002,163.273413760000011
1806,1,-77.632210909999998,163.121961879999986
1807,1,-77.604883200000003,163.086181070000009
1808,1,-77.607043529999999,163.102353849999986
1809,1,-77.605030209999995,163.141177730000010
1810,1,-77.605978879999995,163.022754770000006
1811,1,-77.630761820000004,163.087742490000011
1812,1,-77.633367280000002,163.037666309999992
1813,1,-77.603977169999993,163.263902720000004
1814,1,-77.632684900000001,163.112880630000006
1815,1,-77.635365300000004,163.043617839999996
1816,1,-77.629603990000007,163.272793940000014
1817,1,-77.614491169999994,163.256279760000012
1818,1,-77.610972640000000,163.234405829999986
1819,1,-77.585979420000001,163.153387720000012
1820,1,-77.612304190000003,163.252286300000009
1821,1,-77.607126530000002,163.018926520000008
1822,1,-77.634980839999997,163.188861470000006
1823,1,-77.633624249999997,163.139571100000012
1824,1,-77.630960009999995,163.117133520000010
1825,1,-77.611205830000003,163.172665690000002
1826,1,-77.611050800000001,163.128822890000009
1827,1,-77.616094820000001,163.290392220000001
1828,1,-77.603439469999998,163.148448970000004
1829,1,-77.626671650000006,163.216017340000008
1830,1,-77.618931029999999,163.163541119999991
1831,1,-77.600164350000000,163.277498850000001
1832,1,-77.610437860000005,162.969476380000003
1833,1,-77.615979980000006,163.127173260000006
1834,1,-77.609325620000007,163.024027149999995
1835,1,-77.647122600000003,163.117409360000011
1836,1,-77.605740109999999,163.101104190000001
1837,1,-77.587715279999998,163.169913119999990
1838,1,-77.603070180000003,163.252818850000011
1839,1,-77.599125749999999,163.191737200000006
1840,1,-77.588568440000003,163.179798650000009
1841,1,-77.601119690000004,163.034783150000010
1842,1,-77.630347169999993,163.249621920000010
1843,1,-77.621077369999995,163.208287729999995
1844,1,-77.653354859999993,163.114048580000002
1845,1,-77.606584170000005,163.113867970000001
1846,1,-77.620282349999997,163.037030160000000
1847,1,-77.636998919999996,163.057279149999999
1848,1,-77.591676949999993,163.232347629999992
1849,1,-77.617419889999994,162.985049489999994
1850,1,-77.615628729999997,163.277015949999992
1851,1,-77.650792129999999,163.103473549999990
1852,1,-77.623032280000004,163.256084130000005
1853,1,-77.599323040000002,163.135438160000007
1854,1,-77.612877130000001,163.297319100000010
1855,1,-77.593466219999996,163.127301810000006
1856,1,-77.625880390000006,163.209460339999993
1857,1,-77.592630760000006,163.210785020000003
1858,1,-77.594835919999994,163.134207739999994
1859,1,-77.599014040000000,163.149516190000014
1860,1,-77.601229979999999,163.306100070000014
1861,1,-77.585370720000000,163.224094000000008
1862,1,-77.602676439999996,163.283593959999990
1863,1,-77.600813040000006,163.169857119999989
1864,1,-77.606902869999999,163.019945919999998
1865,1,-77.627653159999994,163.036458600000003
1866,1,-77.594316620000001,163.177547379999993
1867,1,-77.620740369999993,163.083415140000000
1868,1,-77.647082530000006,163.074487360000006
1869,1,-77.633055440000007,163.163870800000012
1870,1,-77.591854850000004,163.205907419999988
1871,1,-77.638307970000000,163.085387720000000
1872,1,-77.604680650000006,163.134643420000003
1873,1,-77.602515819999994,163.124454140000012
1874,1,-77.589478459999995,163.254574120000001
1875,1,-77.603552960000002,163.159003159999997
1876,1,-77.609714690000004,162.988320069999986
1877,1,-77.595881849999998,163.164311340000012
1878,1,-77.624106409999996,163.068495600000006
1879,1,-77.605651339999994,163.023694330000012
1880,1,-77.641298059999997,163.163679209999998
1881,1,-77.655285950000007,163.082869920000007
1882,1,-77.612591769999995,162.989791270000012
1883,1,-77.644481060000004,163.146265940000006
1884,1,-77.600853920000006,163.317959930000001
1885,1,-77.646699220000002,163.136974299999991
1886,1,-77.651635909999996,163.077609249999995
1887,1,-77.596258899999995,163.277147600000006
1888,1,-77.600802569999999,163.042125929999997
1889,1,-77.613024089999996,163.006193569999994
1890,1,-77.593350520000001,163.191172139999992
1891,1,-77.637743860000000,163.202125969999997
1892,1,-77.623150440000003,163.250217639999988
1893,1,-77.600001390000003,163.091807350000011
1894,1,-77.610846589999994,163.251432029999989
1895,1,-77.637981659999994,163.039050790000005
1896,1,-77.613450569999998,162.982772189999991
1897,1,-77.641504679999997,163.072764900000010
1898,1,-77.604186830000003,163.009773870000004
1899,1,-77.613249569999994,163.173112889999999
1900,1,-77.617601980000003,163.192279799999994
1901,1,-77.621621669999996,163.244381779999998
1902,1,-77.631306870000003,163.097070309999992
1903,1,-77.607504129999995,163.161726299999998
1904,1,-77.615058579999996,163.134802019999995
1905,1,-77.615484660000007,163.335581270000006
1906,1,-77.608053380000001,163.032554959999999
1907,1,-77.630034780000003,163.110569419999990
1908,1,-77.633559559999995,163.226953170000002
1909,1,-77.609040370000002,163.132261940000006
1910,1,-77.607626879999998,163.117676509999995
1911,1,-77.639744320000005,163.056691980000011
1912,1,-77.653201879999997,163.084232640000010
1913,1,-77.627307840000000,163.105922170000014
1914,1,-77.625430989999998,163.283916080000012
1915,1,-77.612722710000000,163.325213340000005
1916,1,-77.613841100000002,163.256689630000011
1917,1,-77.606999860000002,163.246489370000006
1918,1,-77.604808399999996,163.245151099999987
1919,1,-77.634874629999999,163.096425820000007
1920,1,-77.599632619999994,163.304148830000003
1921,1,-77.609948340000003,163.099072129999996
1922,1,-77.616414700000007,163.287785509999992
1923,1,-77.602439559999993,163.237159350000013
1924,1,-77.606560079999994,163.318996099999993
1925,1,-77.614112410000004,163.129960189999991
1926,1,-77.597893999999997,163.273632039999995
1927,1,-77.597730330000005,163.157621549999988
1928,1,-77.609545979999993,163.134726550000011
1929,1,-77.605867700000005,163.019682119999999
1930,1,-77.640025660000006,163.073034629999995
1931,1,-77.607396879999996,163.235850739999989
1932,1,-77.611223929999994,163.273192700000010
1933,1,-77.610036390000005,163.039272350000005
1934,1,-77.617118910000002,163.141136060000008
1935,1,-77.615039300000007,163.267153070000006
1936,1,-77.613956189999996,163.095345280000004
1937,1,-77.594530599999999,163.279845529999989
1938,1,-77.602417389999999,163.103443739999989
1939,1,-77.620511190000002,163.181242980000007
1940,1,-77.619114800000006,163.267508950000007
1941,1,-77.622184250000004,163.100019140000001
1942,1,-77.626828200000006,163.065270540000000
1943,1,-77.647035560000006,163.097638679999989
1944,1,-77.603854490000003,163.019555249999996
1945,1,-77.594456170000001,163.198543840000013
1946,1,-77.594182939999996,163.273577600000010
1947,1,-77.606560180000002,163.312155060000009
1948,1,-77.648795399999997,163.145867699999997
1949,1,-77.595021489999993,163.158394280000010
1950,1,-77.620187630000004,163.064733329999996
1951,1,-77.606307540000003,163.241662109999993
1952,1,-77.651326479999994,163.123183439999991
1953,1,-77.627313569999998,163.050623620000010
1954,1,-77.645816069999995,163.133786469999990
1955,1,-77.632170860000002,163.042677080000004
1956,1,-77.616533349999997,163.001710739999993
1957,1,-77.590918349999995,163.142481919999994
1958,1,-77.653719780000003,163.109136599999999
1959,1,-77.621763020000003,163.087021120000003
1960,1,-77.638065819999994,163.158292329999995
1961,1,-77.618906440000003,163.324586240000002
1962,1,-77.632459810000000,163.032843890000009
1963,1,-77.594334919999994,163.279428620000004
1964,1,-77.619898640000002,163.180199960000010
1965,1,-77.598025949999993,163.077002880000009
1966,1,-77.610192409999996,163.207470180000001
1967,1,-77.595558780000005,163.284508160000001
1968,1,-77.604995930000001,163.011522210000010
1969,1,-77.626841279999994,163.131372209999995
1970,1,-77.611978859999994,163.165575060000009
1971,1,-77.604786009999998,163.295613059999994
1972,1,-77.606165669999996,163.140490279999995
1973,1,-77.607242389999996,163.142950519999999
1974,1,-77.606221079999997,163.105067880000007
1975,1,-77.626551419999998,163.126898729999994
1976,1,-77.609591809999998,163.172977180000004
1977,1,-77.631998839999994,163.023109729999987
1978,1,-77.604741890000000,163.323270860000008
1979,1,-77.601914120000004,163.216947360000006
1980,1,-77.631597130000003,163.203648009999995
1981,1,-77.612765620000005,163.141278620000008
1982,1,-77.619148300000006,163.006779620000003
1983,1,-77.621590749999996,163.182789649999989
1984,1,-77.616500579999993,163.069909349999989
1985,1,-77.650034539999993,163.094156819999995
1986,1,-77.591057559999996,163.114924349999995
1987,1,-77.627237019999995,163.101748630000003
1988,1,-77.587641070000004,163.210443959999992
1989,1,-77.599616330000003,163.136429490000012
1990,1,-77.623972600000002,163.259286489999994
1991,1,-77.620390869999994,163.070988889999995
1992,1,-77.626064630000002,163.079811930000005
1993,1,-77.592395640000007,163.110211010000000
1994,1,-77.647800459999999,163.082626269999992
1995,1,-77.608528669999998,163.147319629999998
1996,1,-77.604332950000000,163.159016339999994
1997,1,-77.622923259999993,163.033011009999996
1998,1,-77.629697859999993,163.274490990000004
1999,1,-77.610567169999996,163.204666330000009
2000,1,-77.606855019999998,163.315641370000009
