"","SD","species","long_degrees","lat_degrees","presence"
"1",488,"mat",163.2300052,-77.59237272,1
"2",438,"mat",163.1085932,-77.59806438,1
"3",313,"mat",163.0708627,-77.61522921,1
"4",481,"mat",163.2037538,-77.65272292,1
"5",115,"mat",163.1944941,-77.65325261,1
"6",760,"mat",163.2213965,-77.5874153,1
"7",71,"mat",163.1970598,-77.65275227,1
"8",218,"mat",163.2413544,-77.58383124,1
"9",275,"mat",163.0105487,-77.61039348,1
"10",417,"mat",163.3134513,-77.61937563,1
"11",261,"mat",163.2277911,-77.58633841,1
"12",643,"mat",163.1045047,-77.59594984,1
"13",706,"mat",163.0210126,-77.6310016,1
"14",888,"mat",163.2151932,-77.65110017,1
"15",298,"mat",163.2433998,-77.58315808,1
"16",369,"mat",163.2055497,-77.65271502,1
"17",450,"mat",163.2170303,-77.63470604,1
"18",227,"mat",163.2006978,-77.65151351,1
"19",995,"mat",163.1760296,-77.64969903,1
"20",903,"mat",163.2097229,-77.62827494,1
"21",470,"mat",163.124419,-77.59136155,1
"22",237,"mat",163.2057339,-77.58675139,1
"23",798,"mat",163.1978995,-77.65299316,1
"24",194,"mat",163.2534597,-77.63038375,1
"25",434,"mat",163.2023303,-77.65150635,1
"26",83,"mat",163.0370271,-77.61368292,1
"27",382,"mat",163.2104037,-77.63026339,1
"28",97,"mat",163.1742688,-77.64485026,1
"29",999,"mat",163.2050404,-77.64911865,1
"30",891,"mat",163.2174173,-77.6353332,1
"31",641,"mat",163.232906,-77.63194465,1
"32",556,"mat",163.2153242,-77.6103618,1
"33",710,"mat",163.3297636,-77.61803885,1
"34",246,"mat",163.3202404,-77.60802252,1
"35",591,"mat",163.2447529,-77.59356353,1
"36",884,"mat",163.2050774,-77.6495028,1
"37",213,"mat",163.292399,-77.63009756,1
"38",971,"mat",163.1628155,-77.59001251,1
"39",86,"mat",163.0239237,-77.63071123,1
"40",309,"mat",163.2401449,-77.62929153,1
"41",161,"mat",163.2207392,-77.63427024,1
"42",354,"mat",163.2839634,-77.62573501,1
"43",457,"mat",163.2113647,-77.63008444,1
"44",741,"mat",163.3456867,-77.62222348,1
"45",594,"mat",163.0615455,-77.61481143,1
"46",410,"mat",163.0991118,-77.5993605,1
"47",832,"mat",163.0547846,-77.62350182,1
"48",664,"mat",163.190135,-77.58846208,1
"49",711,"mat",163.210444,-77.64420348,1
"50",823,"mat",163.1955804,-77.65265392,1
"51",805,"mat",163.0988983,-77.59691579,1
"52",681,"mat",163.1227668,-77.64573025,1
"53",4,"mat",163.2108139,-77.63113502,1
"54",697,"mat",163.2056827,-77.64052108,1
"55",983,"mat",163.1282546,-77.64141042,1
"56",233,"mat",163.2142613,-77.63643031,1
"57",843,"mat",163.1546703,-77.64650585,1
"58",550,"mat",163.1204151,-77.60116037,1
"59",72,"mat",163.1257356,-77.64243397,1
"60",189,"mat",163.2760819,-77.5898898,1
"61",801,"mat",163.1127273,-77.63193626,1
"62",630,"mat",163.3372342,-77.61782767,1
"63",808,"mat",163.1282295,-77.64113103,1
"64",103,"mat",163.2207052,-77.63392101,1
"65",276,"mat",163.2203079,-77.63486612,1
"66",250,"mat",163.0405841,-77.61534631,1
"67",788,"mat",163.2508701,-77.59622577,1
"68",358,"mat",163.2168162,-77.58205535,1
"69",898,"mat",163.2088375,-77.62754516,1
"70",543,"mat",163.2171511,-77.64099436,1
"71",560,"mat",163.2258568,-77.63990733,1
"72",60,"mat",163.1883944,-77.58895881,1
"73",943,"mat",163.044655,-77.60163583,1
"74",953,"mat",163.2104017,-77.62855144,1
"75",170,"mat",163.2121444,-77.6482837,1
"76",312,"mat",163.2501938,-77.63197094,1
"77",399,"mat",163.1929848,-77.65283993,1
"78",621,"mat",163.2135583,-77.64265241,1
"79",544,"mat",163.088702,-77.61250347,1
"80",617,"mat",163.116336,-77.62301264,1
"81",926,"mat",163.2270103,-77.58166022,1
"82",599,"mat",163.2767837,-77.62244947,1
"83",406,"mat",163.2016463,-77.64948295,1
"84",66,"mat",163.2352226,-77.58756258,1
"85",437,"mat",163.2222018,-77.58734181,1
"86",485,"mat",163.2667261,-77.59866812,1
"87",430,"mat",163.2147959,-77.63352808,1
"88",786,"mat",163.2149217,-77.6331432,1
"89",268,"mat",163.2116221,-77.63106157,1
"90",538,"mat",163.2066861,-77.64925115,1
"91",893,"mat",163.1667384,-77.64110923,1
"92",206,"mat",163.3281275,-77.60410596,1
"93",703,"mat",163.2908748,-77.62954574,1
"94",541,"mat",163.2524371,-77.59726673,1
"95",360,"mat",163.2774529,-77.62262104,1
"96",5,"mat",163.2559952,-77.61824842,1
"97",377,"mat",163.2069841,-77.64386939,1
"98",644,"mat",163.2126679,-77.6368217,1
"99",169,"mat",163.2841499,-77.62437152,1
"100",737,"mat",163.0103633,-77.60606214,1
"101",100,"mat",163.2211129,-77.63475771,1
"102",156,"mat",163.1942413,-77.64717452,1
"103",991,"mat",163.1490672,-77.58895285,1
"104",482,"mat",163.0696816,-77.61474473,1
"105",853,"mat",163.1688462,-77.58844945,1
"106",407,"mat",163.2098488,-77.62789006,1
"107",807,"mat",163.1098774,-77.60340448,1
"108",520,"mat",163.2626752,-77.59557738,1
"109",940,"mat",163.1098236,-77.62307411,1
"110",979,"mat",163.2079495,-77.64372537,1
"111",691,"mat",163.0063963,-77.63171959,1
"112",757,"mat",163.0323921,-77.61275722,1
"113",679,"mat",163.2487686,-77.63239672,1
"114",465,"mat",163.0017278,-77.60591931,1
"115",138,"mat",163.3364745,-77.5984399,1
"116",147,"mat",163.2048264,-77.62651474,1
"117",266,"mat",163.2772261,-77.58995431,1
"118",158,"mat",163.3360053,-77.5986169,1
"119",292,"mat",163.2048832,-77.6525782,1
"120",885,"mat",163.2950048,-77.59056915,1
"121",637,"mat",163.1489203,-77.64611081,1
"122",785,"mat",163.3348295,-77.60746237,1
"123",769,"mat",163.0654404,-77.61465651,1
"124",340,"mat",163.2093189,-77.58855227,1
"125",87,"mat",163.1517458,-77.64665793,1
"126",289,"mat",163.2086983,-77.64641229,1
"127",419,"mat",163.2917292,-77.62992603,1
"128",220,"mat",163.2119608,-77.64300887,1
"129",899,"mat",163.208296,-77.64393347,1
"130",610,"mat",163.2725313,-77.62390181,1
"131",938,"mat",163.1963702,-77.58567468,1
"132",473,"mat",163.1184284,-77.64833335,1
"133",344,"mat",163.2073911,-77.64809509,1
"134",978,"mat",163.2099957,-77.64801371,1
"135",998,"mat",163.2821239,-77.61889563,1
"136",28,"mat",163.276446,-77.61752468,1
"137",421,"mat",163.1283738,-77.64092081,1
"138",88,"mat",163.2086459,-77.64417649,1
"139",916,"mat",163.2230458,-77.63618153,1
"140",797,"mat",163.1997912,-77.65057416,1
"141",172,"mat",163.2844057,-77.62527873,1
"142",348,"mat",163.2667996,-77.62847049,1
"143",665,"mat",163.2356158,-77.63462267,1
"144",756,"mat",163.073775,-77.61500815,1
"145",84,"mat",163.0712211,-77.61561211,1
"146",920,"mat",163.1738836,-77.64422304,1
"147",150,"mat",163.2819775,-77.62703708,1
"148",666,"mat",163.1260054,-77.64180399,1
"149",90,"mat",163.2052601,-77.65310061,1
"150",449,"mat",163.0399763,-77.61587267,1
"151",606,"mat",163.286185,-77.62673779,1
"152",273,"mat",163.1531631,-77.64609296,1
"153",411,"mat",163.2720787,-77.61621739,1
"154",619,"mat",163.2534704,-77.60763872,1
"155",670,"mat",163.0926984,-77.5985478,1
"156",531,"mat",163.0985985,-77.59534485,1
"157",504,"mat",163.0359958,-77.61302306,1
"158",198,"mat",163.1466741,-77.64653948,1
"159",425,"mat",163.1396818,-77.65222851,1
"160",935,"mat",163.2872359,-77.62585937,1
"161",789,"mat",163.2341026,-77.63913654,1
"162",316,"mat",163.2649201,-77.60982194,1
"163",780,"mat",163.2054841,-77.6418496,1
"164",682,"mat",163.0807306,-77.60121574,1
"165",589,"mat",163.210084,-77.64385569,1
"166",636,"mat",163.0200261,-77.63090048,1
"167",586,"mat",163.2137417,-77.58217389,1
"168",844,"mat",163.3276808,-77.58754683,1
"169",845,"mat",163.1662653,-77.64128593,1
"170",895,"mat",163.2164938,-77.63421929,1
"171",812,"mat",163.2926336,-77.58963706,1
"172",408,"mat",163.1353338,-77.65291038,1
"173",335,"mat",163.2824565,-77.59024419,1
"174",424,"mat",163.14557,-77.64696335,1
"175",524,"mat",163.0666027,-77.60916697,1
"176",68,"mat",163.2057221,-77.64771813,1
"177",310,"mat",163.2896537,-77.6303551,1
"178",890,"mat",163.2067049,-77.64435975,1
"179",73,"mat",163.0582428,-77.61426528,1
"180",65,"mat",163.0967434,-77.65614212,1
"181",143,"mat",163.2368821,-77.63423262,1
"182",6,"mat",163.0190538,-77.63097398,1
"183",715,"mat",163.0002162,-77.60941841,1
"184",677,"mat",163.2031902,-77.65195676,1
"185",224,"mat",163.028643,-77.61270151,1
"186",373,"mat",163.2383149,-77.63387675,1
"187",157,"mat",163.2862136,-77.62701717,1
"188",291,"mat",163.284362,-77.62007303,1
"189",648,"mat",163.070022,-77.61491808,1
"190",651,"mat",163.144188,-77.64613063,1
"191",30,"mat",163.0944272,-77.61094336,1
"192",877,"mat",163.1351452,-77.65263167,1
"193",300,"mat",163.0382831,-77.61311917,1
"194",993,"mat",163.2100927,-77.63718249,1
"195",50,"mat",163.0404473,-77.61566126,1
"196",879,"mat",163.2142072,-77.63587154,1
"197",180,"mat",163.0415695,-77.61544736,1
"198",639,"mat",163.205464,-77.64164006,1
"199",824,"mat",163.2044782,-77.65006445,1
"200",176,"mat",163.0221157,-77.61251642,1
"201",82,"mat",163.2584475,-77.62484053,1
"202",301,"mat",163.0589056,-77.61440245,1
"203",855,"mat",163.2077628,-77.64348163,1
"204",12,"mat",163.2644768,-77.64263142,1
"205",124,"mat",163.20699,-77.62189338,1
"206",580,"mat",163.2717308,-77.62565248,1
"207",353,"mat",163.2098104,-77.62918294,1
"208",388,"mat",163.0405522,-77.61496214,1
"209",728,"mat",163.2313256,-77.63411795,1
"210",226,"mat",163.2176993,-77.63487775,1
"211",42,"mat",163.2725918,-77.61645957,1
"212",980,"mat",163.0052625,-77.61146107,1
"213",391,"mat",163.2394595,-77.6339065,1
"214",787,"mat",163.096731,-77.60003388,1
"215",384,"mat",163.2029688,-77.64965183,1
"216",13,"mat",163.2165683,-77.6349876,1
"217",514,"mat",163.2551635,-77.60829476,1
"218",58,"mat",163.2037492,-77.65097604,1
"219",46,"mat",163.0339086,-77.61338033,1
"220",615,"mat",163.2933603,-77.59354678,1
"221",386,"mat",163.2536576,-77.63073223,1
"222",351,"mat",163.2985784,-77.5921244,1
"223",455,"mat",163.1406127,-77.5907003,1
"224",350,"mat",163.0414537,-77.61405036,1
"225",600,"mat",163.2894705,-77.59049059,1
"226",478,"mat",163.2075291,-77.64274897,1
"227",248,"mat",163.2055469,-77.64929111,1
"228",121,"mat",163.3367868,-77.61056242,1
"229",821,"mat",163.2591077,-77.62979877,1
"230",721,"mat",162.9996209,-77.61011931,1
"231",548,"mat",163.0603972,-77.61471109,1
"232",906,"mat",163.263584,-77.62729746,1
"233",698,"mat",163.2684338,-77.61560545,1
"234",716,"mat",163.2168445,-77.59075479,1
"235",783,"mat",163.0427758,-77.62801974,1
"236",653,"mat",163.0989126,-77.59894206,1
"237",515,"mat",163.2632064,-77.58953054,1
"238",932,"mat",163.2615642,-77.62828508,1
"239",989,"mat",163.2709356,-77.61618778,1
"240",882,"mat",163.1611054,-77.58732963,1
"241",21,"mat",163.2472868,-77.5896039,1
"242",732,"mat",163.2037749,-77.64954347,1
"243",912,"mat",163.0953635,-77.65530916,1
"244",809,"mat",163.0532113,-77.62417168,1
"245",357,"mat",163.0374276,-77.61458974,1
"246",672,"mat",163.135521,-77.65137237,1
"247",91,"mat",163.2908125,-77.63052432,1
"248",949,"mat",163.1829497,-77.63132692,1
"249",385,"mat",163.2080656,-77.64323573,1
"250",655,"mat",163.1919359,-77.58517006,1
"251",904,"mat",163.3061091,-77.5895029,1
"252",181,"mat",163.058173,-77.62310441,1
"253",969,"mat",163.1125803,-77.62292315,1
"254",872,"mat",163.2023806,-77.6520302,1
"255",346,"mat",163.1033085,-77.59714253,1
"256",867,"mat",163.2525389,-77.5868546,1
"257",625,"mat",163.2089086,-77.6469005,1
"258",440,"mat",163.0915362,-77.59827296,1
"259",763,"mat",163.2127292,-77.64251633,1
"260",19,"mat",163.2274198,-77.63420539,1
"261",272,"mat",163.2632301,-77.62701959,1
"262",571,"mat",163.2670266,-77.59842216,1
"263",858,"mat",163.1902756,-77.65355048,1
"264",277,"mat",163.2983691,-77.63737154,1
"265",216,"mat",163.0366671,-77.62905613,1
"266",751,"mat",163.0390265,-77.61423429,1
"267",188,"mat",163.0417126,-77.61324585,1
"268",690,"mat",163.2976765,-77.58968296,1
"269",765,"mat",163.0213244,-77.63082576,1
"270",163,"mat",163.3224413,-77.61192508,1
"271",259,"mat",163.2324702,-77.63414773,1
"272",24,"mat",163.1007865,-77.59991273,1
"273",958,"mat",163.28761,-77.62473956,1
"274",247,"mat",163.2809289,-77.59280191,1
"275",283,"mat",163.2684398,-77.58985561,1
"276",972,"mat",163.1981559,-77.65225834,1
"277",8,"mat",163.3059025,-77.61728055,1
"278",1000,"mat",163.2794827,-77.58976903,1
"279",45,"mat",163.0294338,-77.63030623,1
"280",134,"mat",163.2049262,-77.64793126,1
"281",439,"mat",163.2013676,-77.65168526,1
"282",561,"mat",163.1987588,-77.65173164,1
"283",368,"mat",163.2640634,-77.62072677,1
"284",542,"mat",163.2029487,-77.64944229,1
"285",47,"mat",163.2218804,-77.63426514,1
"286",784,"mat",163.2072902,-77.64704739,1
"287",939,"mat",163.1895255,-77.6542525,1
"288",687,"mat",163.3361341,-77.6151427,1
"289",497,"mat",163.2201243,-77.61117889,1
"290",738,"mat",163.0411137,-77.61387698,1
"291",112,"mat",163.1150236,-77.62291319,1
"292",372,"mat",163.0345482,-77.61323816,1
"293",523,"mat",163.2090274,-77.62782382,1
"294",569,"mat",163.1628024,-77.65321435,1
"295",578,"mat",163.2162503,-77.64180194,1
"296",708,"mat",163.2056525,-77.65208568,1
"297",429,"mat",163.0345022,-77.61267936,1
"298",394,"mat",163.310325,-77.63469406,1
"299",327,"mat",163.1771099,-77.64207798,1
"300",910,"mat",163.0421975,-77.61516548,1
"301",3,"mat",163.1886446,-77.62431467,1
"302",371,"mat",163.1289728,-77.64032441,1
"303",705,"mat",163.2862907,-77.62617827,1
"304",901,"mat",163.180028,-77.58812174,1
"305",493,"mat",163.2761263,-77.61277449,1
"306",355,"mat",163.2100287,-77.64497395,1
"307",320,"mat",163.1286399,-77.63843918,1
"308",254,"mat",163.2170258,-77.61112285,1
"309",900,"mat",163.2964727,-77.61271353,1
"310",680,"mat",163.1500754,-77.6462457,1
"311",886,"mat",163.2053165,-77.64859336,1
"312",534,"mat",163.3361067,-77.59344535,1
"313",535,"mat",163.128048,-77.62278983,1
"314",379,"mat",163.247971,-77.63257505,1
"315",752,"mat",163.2139521,-77.63660638,1
"316",136,"mat",163.0994927,-77.59813618,1
"317",533,"mat",163.2086357,-77.58820592,1
"318",472,"mat",163.257233,-77.60783103,1
"319",104,"mat",163.2261797,-77.59148157,1
"320",77,"mat",163.2044374,-77.64454443,1
"321",402,"mat",163.2269513,-77.63441712,1
"322",231,"mat",163.0992156,-77.60054792,1
"323",175,"mat",163.2773865,-77.62517189,1
"324",361,"mat",163.2082709,-77.64536604,1
"325",486,"mat",163.2029196,-77.65083994,1
"326",800,"mat",163.26572,-77.62099861,1
"327",576,"mat",163.2437201,-77.64562646,1
"328",671,"mat",163.2490933,-77.58487894,1
"329",456,"mat",163.0501996,-77.61349281,1
"330",260,"mat",163.2060227,-77.65253824,1
"331",40,"mat",163.139834,-77.644926,1
"332",962,"mat",163.1167603,-77.60030194,1
"333",117,"mat",163.208888,-77.64330197,1
"334",119,"mat",163.2681751,-77.59852163,1
"335",851,"mat",163.193448,-77.65255841,1
"336",919,"mat",163.1632188,-77.64538659,1
"337",758,"mat",163.2049605,-77.65338143,1
"338",956,"mat",163.2027877,-77.62565027,1
"339",795,"mat",163.1799374,-77.63570715,1
"340",122,"mat",163.2006409,-77.65091982,1
"341",793,"mat",163.2090581,-77.63152711,1
"342",145,"mat",163.3381,-77.59843193,1
"343",236,"mat",163.2213919,-77.63929842,1
"344",479,"mat",163.208562,-77.6466924,1
"345",54,"mat",163.0112108,-77.61053077,1
"346",337,"mat",163.0329292,-77.6133491,1
"347",792,"mat",163.0310986,-77.61286692,1
"348",404,"mat",163.2051896,-77.65236722,1
"349",323,"mat",163.252895,-77.6312598,1
"350",204,"mat",163.1978494,-77.65246931,1
"351",669,"mat",163.0928597,-77.59666058,1
"352",875,"mat",163.1021423,-77.60053611,1
"353",164,"mat",163.1962501,-77.65282568,1
"354",911,"mat",163.2601736,-77.63716591,1
"355",674,"mat",163.0601156,-77.59979441,1
"356",484,"mat",163.122865,-77.65411472,1
"357",733,"mat",163.2636787,-77.6428098,1
"358",902,"mat",163.1449045,-77.64682638,1
"359",187,"mat",163.0593973,-77.60671457,1
"360",381,"mat",163.2235927,-77.59998316,1
"361",992,"mat",163.2421488,-77.64130124,1
"362",193,"mat",163.0802083,-77.61407442,1
"363",658,"mat",163.0541477,-77.62367896,1
"364",616,"mat",163.2104677,-77.63092693,1
"365",836,"mat",163.2122291,-77.6322817,1
"366",923,"mat",163.2386628,-77.61427476,1
"367",678,"mat",163.0690182,-77.62225865,1
"368",974,"mat",163.1562378,-77.64580049,1
"369",675,"mat",163.2608315,-77.5950269,1
"370",174,"mat",163.2071051,-77.6485156,1
"371",195,"mat",163.1733822,-77.59353082,1
"372",607,"mat",163.0460027,-77.617841,1
"373",475,"mat",163.2940884,-77.58956028,1
"374",405,"mat",163.2824378,-77.63154204,1
"375",661,"mat",163.02501,-77.63203472,1
"376",634,"mat",163.2013366,-77.649659,1
"377",846,"mat",163.2020833,-77.65063398,1
"378",160,"mat",163.2465417,-77.62475536,1
"379",297,"mat",163.0697202,-77.61519876,1
"380",961,"mat",163.2035368,-77.65216487,1
"381",676,"mat",163.2010871,-77.65046367,1
"382",831,"mat",163.0332346,-77.61310339,1
"383",883,"mat",163.1997618,-77.65197181,1
"384",153,"mat",163.0808103,-77.59646407,1
"385",526,"mat",163.204683,-77.65219476,1
"386",165,"mat",163.207425,-77.58744266,1
"387",400,"mat",163.1581732,-77.59254777,1
"388",287,"mat",163.191747,-77.58489138,1
"389",871,"mat",163.2400028,-77.614653,1
"390",568,"mat",163.0000202,-77.60899991,1
"391",458,"mat",163.0526353,-77.61341356,1
"392",303,"mat",163.2675488,-77.6003763,1
"393",506,"mat",163.0487415,-77.61748114,1
"394",271,"mat",163.0325876,-77.63693217,1
"395",810,"mat",163.1119814,-77.62351952,1
"396",724,"mat",163.1275741,-77.64291552,1
"397",184,"mat",163.10371,-77.59986597,1
"398",892,"mat",163.2083701,-77.64470178,1
"399",635,"mat",163.2547184,-77.61035818,1
"400",841,"mat",163.2167923,-77.63561549,1
"401",480,"mat",163.0815134,-77.61410419,1
"402",241,"mat",163.275212,-77.62462302,1
"403",415,"mat",163.1810754,-77.6356673,1
"404",874,"mat",163.2024389,-77.6492349,1
"405",709,"mat",163.2220672,-77.63450888,1
"406",263,"mat",163.1622798,-77.58949073,1
"407",977,"mat",163.2109099,-77.64395685,1
"408",555,"mat",163.2078556,-77.65291448,1
"409",383,"mat",163.2541989,-77.61004613,1
"410",818,"mat",163.0603795,-77.61450154,1
"411",253,"mat",163.2180424,-77.63505091,1
"412",498,"mat",163.2386154,-77.64187627,1
"413",352,"mat",163.2079228,-77.64683497,1
"414",767,"mat",163.2059439,-77.65002306,1
"415",25,"mat",163.2720172,-77.58987387,1
"416",413,"mat",163.2153756,-77.63614586,1
"417",343,"mat",163.2042444,-77.64933178,1
"418",739,"mat",163.1219178,-77.60524181,1
"419",518,"mat",163.0034984,-77.60975572,1
"420",598,"mat",163.1850562,-77.58457121,1
"421",499,"mat",163.0740275,-77.61224718,1
"422",773,"mat",163.2041505,-77.64835393,1
"423",336,"mat",163.1805749,-77.58528942,1
"424",964,"mat",163.2200124,-77.63518188,1
"425",608,"mat",163.1378463,-77.65359869,1
"426",747,"mat",163.2067923,-77.64526775,1
"427",689,"mat",163.2076418,-77.64561338,1
"428",290,"mat",163.3316877,-77.61774996,1
"429",106,"mat",163.0020312,-77.60972618,1
"430",217,"mat",163.2090983,-77.64379017,1
"431",494,"mat",163.2325286,-77.63142228,1
"432",108,"mat",163.0392673,-77.61517665,1
"433",128,"mat",163.2253312,-77.6345292,1
"434",307,"mat",163.2815101,-77.62724891,1
"435",109,"mat",163.0366843,-77.61347461,1
"436",445,"mat",163.1458773,-77.64675244,1
"437",308,"mat",163.2190376,-77.63522116,1
"438",918,"mat",163.2441089,-77.64625359,1
"439",416,"mat",163.2437302,-77.58979485,1
"440",694,"mat",163.2894692,-77.63014634,1
"441",51,"mat",163.034891,-77.61344648,1
"442",390,"mat",163.2049242,-77.64111837,1
"443",67,"mat",163.2359212,-77.63441166,1
"444",948,"mat",163.2083515,-77.64281521,1
"445",633,"mat",163.1385153,-77.6537706,1
"446",211,"mat",163.0433461,-77.61330948,1
"447",975,"mat",163.152024,-77.64613269,1
"448",549,"mat",163.1820262,-77.63017797,1
"449",981,"mat",163.109109,-77.65556826,1
"450",536,"mat",163.1281544,-77.64210957,1
"451",811,"mat",163.2160555,-77.63474531,1
"452",78,"mat",163.284142,-77.62748112,1
"453",364,"mat",163.0299565,-77.6128363,1
"454",632,"mat",163.0376103,-77.62863332,1
"455",684,"mat",163.2349334,-77.58627117,1
"456",392,"mat",163.2867919,-77.62788792,1
"457",496,"mat",163.0245048,-77.62784431,1
"458",245,"mat",163.2033031,-77.6514322,1
"459",791,"mat",163.130615,-77.59158047,1
"460",212,"mat",163.0607704,-77.62298953,1
"461",214,"mat",163.3349045,-77.59897169,1
"462",85,"mat",163.2645054,-77.62673418,1
"463",525,"mat",163.3025175,-77.63018927,1
"464",239,"mat",163.0625222,-77.61480763,1
"465",521,"mat",163.2086823,-77.63778268,1
"466",476,"mat",163.3430899,-77.61622663,1
"467",894,"mat",163.2848412,-77.63271868,1
"468",278,"mat",163.2874186,-77.6276404,1
"469",955,"mat",163.2400977,-77.63376385,1
"470",281,"mat",163.1022662,-77.65206728,1
"471",537,"mat",163.0135543,-77.63151846,1
"472",869,"mat",163.2034149,-77.64919568,1
"473",96,"mat",163.0752191,-77.61475791,1
"474",79,"mat",163.2325595,-77.63173659,1
"475",341,"mat",163.0046542,-77.60996108,1
"476",325,"mat",163.1957037,-77.65223413,1
"477",477,"mat",163.1382388,-77.59140897,1
"478",796,"mat",163.2327535,-77.61213534,1
"479",284,"mat",163.2881258,-77.62658889,1
"480",799,"mat",163.2090509,-77.62806828,1
"481",267,"mat",163.2046837,-77.64880578,1
"482",928,"mat",163.2354672,-77.61324109,1
"483",547,"mat",163.2873058,-77.62813007,1
"484",727,"mat",163.2118863,-77.63210854,1
"485",196,"mat",163.2639474,-77.61471786,1
"486",328,"mat",163.0357278,-77.61372279,1
"487",722,"mat",163.1771394,-77.64239229,1
"488",235,"mat",163.2909,-77.62979019,1
"489",304,"mat",163.2113824,-77.64378007,1
"490",225,"mat",163.0499629,-77.61845465,1
"491",39,"mat",163.2088678,-77.64309243,1
"492",322,"mat",163.0392095,-77.61447815,1
"493",660,"mat",163.206282,-77.65183834,1
"494",736,"mat",163.205169,-77.62668792,1
"495",579,"mat",163.1008692,-77.63802833,1
"496",512,"mat",163.2012311,-77.65196537,1
"497",454,"mat",163.2074971,-77.64411169,1
"498",729,"mat",163.1202652,-77.59399892,1
"499",513,"mat",163.1769008,-77.64158975,1
"500",207,"mat",163.3004537,-77.62286188,1
"501",29,"mat",163.2284117,-77.63434069,1
"502",764,"mat",163.2036128,-77.65125615,1
"503",432,"mat",163.2611036,-77.59125227,1
"504",804,"mat",163.104244,-77.59668457,1
"505",996,"mat",163.178864,-77.62949288,1
"506",471,"mat",163.1471444,-77.64632788,1
"507",997,"mat",163.098181,-77.59615008,1
"508",944,"mat",163.0260617,-77.61299071,1
"509",772,"mat",163.2356839,-77.59391925,1
"510",527,"mat",163.0462701,-77.61714126,1
"511",775,"mat",163.1548799,-77.58854396,1
"512",945,"mat",163.263072,-77.58981067,1
"513",704,"mat",163.3368379,-77.61716575,1
"514",654,"mat",163.0965561,-77.60922292,1
"515",123,"mat",163.2780242,-77.58981081,1
"516",921,"mat",163.0711704,-77.61501839,1
"517",367,"mat",163.2010402,-77.64997474,1
"518",131,"mat",163.1294464,-77.64014777,1
"519",700,"mat",163.2559899,-77.63774417,1
"520",693,"mat",163.2864231,-77.62747039,1
"521",650,"mat",163.2716445,-77.63767182,1
"522",252,"mat",163.1804068,-77.6354955,1
"523",36,"mat",163.2820812,-77.61847656,1
"524",794,"mat",163.0896852,-77.59943327,1
"525",603,"mat",163.1997852,-77.65221627,1
"526",501,"mat",163.3172444,-77.5887505,1
"527",101,"mat",163.1271974,-77.64054135,1
"528",730,"mat",163.1997216,-77.65155273,1
"529",99,"mat",163.2094239,-77.62855577,1
"530",887,"mat",163.1700639,-77.59455828,1
"531",258,"mat",163.0417757,-77.61597062,1
"532",443,"mat",163.2049658,-77.65173932,1
"533",652,"mat",163.206103,-77.64149749,1
"534",59,"mat",163.2852933,-77.62758052,1
"535",574,"mat",163.2543335,-77.58855833,1
"536",685,"mat",163.2071544,-77.62699359,1
"537",215,"mat",163.1463157,-77.6461916,1
"538",558,"mat",163.1218249,-77.60237736,1
"539",186,"mat",163.0093163,-77.63153415,1
"540",118,"mat",163.1275849,-77.65573737,1
"541",803,"mat",163.0395755,-77.61496586,1
"542",842,"mat",163.2037301,-77.64737752,1
"543",171,"mat",163.3188577,-77.58863787,1
"544",288,"mat",163.2882134,-77.62585476,1
"545",311,"mat",163.3323486,-77.60555283,1
"546",564,"mat",163.2280194,-77.63699776,1
"547",363,"mat",163.1557465,-77.58913422,1
"548",604,"mat",163.2686113,-77.6141372,1
"549",759,"mat",163.0385238,-77.61406153,1
"550",987,"mat",163.210632,-77.62924918,1
"551",464,"mat",163.1864213,-77.62320632,1
"552",815,"mat",163.2629567,-77.61458269,1
"553",74,"mat",163.1088887,-77.63093869,1
"554",609,"mat",163.226387,-77.64032421,1
"555",92,"mat",163.2099815,-77.64448503,1
"556",896,"mat",163.1009048,-77.65144389,1
"557",133,"mat",163.2353444,-77.59874227,1
"558",503,"mat",163.2025529,-77.65042229,1
"559",318,"mat",163.0380181,-77.61385384,1
"560",14,"mat",163.2936294,-77.61988953,1
"561",168,"mat",163.1467667,-77.64755227,1
"562",889,"mat",163.2335912,-77.61237612,1
"563",166,"mat",163.0276779,-77.61284489,1
"564",199,"mat",163.2520078,-77.59622055,1
"565",179,"mat",163.1500389,-77.59069561,1
"566",866,"mat",163.1949473,-77.65286631,1
"567",623,"mat",163.3353699,-77.59875977,1
"568",922,"mat",163.2109264,-77.63061045,1
"569",299,"mat",163.0294109,-77.63002683,1
"570",662,"mat",163.1226505,-77.60251371,1
"571",80,"mat",163.2639885,-77.63617001,1
"572",26,"mat",163.2574421,-77.61317567,1
"573",460,"mat",163.2035922,-77.62554192,1
"574",966,"mat",163.0498774,-77.60573823,1
"575",934,"mat",163.3310512,-77.61789282,1
"576",762,"mat",163.0618883,-77.61694121,1
"577",567,"mat",163.1991923,-77.65284775,1
"578",396,"mat",163.2633719,-77.6268093,1
"579",814,"mat",163.3282606,-77.60382579,1
"580",35,"mat",163.2100003,-77.6294616,1
"581",596,"mat",163.3074195,-77.58960144,1
"582",17,"mat",163.2115918,-77.63074726,1
"583",359,"mat",163.2038878,-77.64901891,1
"584",820,"mat",163.1925182,-77.65308653,1
"585",502,"mat",163.0784781,-77.60150415,1
"586",448,"mat",163.2145063,-77.63559071,1
"587",745,"mat",163.0384891,-77.61364243,1
"588",435,"mat",163.0612022,-77.61460315,1
"589",825,"mat",163.2455899,-77.58395165,1
"590",984,"mat",163.2240031,-77.63429059,1
"591",135,"mat",163.2622479,-77.59131685,1
"592",750,"mat",163.2760837,-77.62678516,1
"593",49,"mat",163.2993307,-77.62933097,1
"594",850,"mat",163.2704095,-77.62709111,1
"595",601,"mat",163.2757923,-77.62231435,1
"596",489,"mat",163.1748578,-77.59366421,1
"597",778,"mat",163.2894441,-77.62990188,1
"598",771,"mat",163.137605,-77.64374742,1
"599",532,"mat",163.2193399,-77.63497525,1
"600",905,"mat",163.1728036,-77.64489148,1
"601",444,"mat",163.2574945,-77.61369951,1
"602",492,"mat",163.2870139,-77.62687365,1
"603",931,"mat",163.3342241,-77.61095929,1
"604",2,"mat",163.0639372,-77.65267309,1
"605",822,"mat",163.2255419,-77.58827013,1
"606",852,"mat",163.2926231,-77.63069046,1
"607",34,"mat",163.0153609,-77.61152849,1
"608",257,"mat",163.2089149,-77.62834839,1
"609",315,"mat",163.2072886,-77.63855747,1
"610",395,"mat",163.190713,-77.59457365,1
"611",305,"mat",163.2710107,-77.58956412,1
"612",646,"mat",163.2038442,-77.64856491,1
"613",37,"mat",163.1064403,-77.65309854,1
"614",645,"mat",163.1381516,-77.64437401,1
"615",349,"mat",163.2081515,-77.64582076,1
"616",110,"mat",163.2863193,-77.62645765,1
"617",185,"mat",163.2854931,-77.58974073,1
"618",946,"mat",163.048537,-77.61307997,1
"619",173,"mat",163.2271115,-77.5993734,1
"620",342,"mat",163.2803874,-77.62742886,1
"621",897,"mat",163.2030001,-77.65167809,1
"622",626,"mat",163.1548753,-77.59203771,1
"623",16,"mat",163.2331394,-77.6343194,1
"624",219,"mat",163.1949073,-77.65244723,1
"625",423,"mat",163.1851195,-77.6508477,1
"626",593,"mat",163.1631448,-77.58829917,1
"627",183,"mat",163.2206509,-77.63503928,1
"628",279,"mat",163.2394798,-77.58128928,1
"629",356,"mat",163.1908855,-77.65309364,1
"630",990,"mat",163.1660025,-77.59108194,1
"631",986,"mat",163.1918784,-77.65322907,1
"632",936,"mat",163.183409,-77.63101049,1
"633",570,"mat",163.2541223,-77.58807016,1
"634",839,"mat",163.0248625,-77.61226156,1
"635",627,"mat",163.2057893,-77.64841659,1
"636",588,"mat",163.23345,-77.63250121,1
"637",554,"mat",163.1752219,-77.59408189,1
"638",754,"mat",163.2386716,-77.64079293,1
"639",1,"mat",163.1356775,-77.65490037,1
"640",876,"mat",163.1840923,-77.65207497,1
"641",668,"mat",163.0008393,-77.60906677,1
"642",244,"mat",163.0692557,-77.61548007,1
"643",500,"mat",163.2434863,-77.58238904,1
"644",129,"mat",163.2759442,-77.59013501,1
"645",242,"mat",163.1293462,-77.64084692,1
"646",324,"mat",163.0167419,-77.61250155,1
"647",139,"mat",163.2120062,-77.58270569,1
"648",20,"mat",163.1993751,-77.65134462,1
"649",111,"mat",163.2073474,-77.64764109,1
"650",826,"mat",163.1438807,-77.64634154,1
"651",154,"mat",163.3017412,-77.58969851,1
"652",398,"mat",163.2216224,-77.63496506,1
"653",870,"mat",163.0400379,-77.61464968,1
"654",673,"mat",163.0646471,-77.62259015,1
"655",376,"mat",163.1881394,-77.62414218,1
"656",592,"mat",163.1434,-77.59096812,1
"657",209,"mat",163.0631507,-77.60683972,1
"658",240,"mat",163.0719688,-77.60338144,1
"659",734,"mat",163.2529998,-77.63884098,1
"660",18,"mat",163.2113254,-77.5840713,1
"661",908,"mat",163.3274459,-77.59610814,1
"662",509,"mat",163.2602373,-77.61994087,1
"663",442,"mat",163.2080119,-77.64606594,1
"664",742,"mat",163.1005672,-77.59554653,1
"665",597,"mat",163.1064218,-77.652889,1
"666",116,"mat",163.1095936,-77.60756311,1
"667",950,"mat",163.2835402,-77.589715,1
"668",954,"mat",163.0718365,-77.61519045,1
"669",159,"mat",163.2690991,-77.61574212,1
"670",746,"mat",163.2875389,-77.59067442,1
"671",915,"mat",163.2498082,-77.62973664,1
"672",469,"mat",163.2147884,-77.63513526,1
"673",94,"mat",163.2063132,-77.64198569,1
"674",148,"mat",163.2098386,-77.64469529,1
"675",688,"mat",163.1252869,-77.64289,1
"676",557,"mat",163.0317611,-77.61300416,1
"677",190,"mat",163.3323329,-77.59772645,1
"678",102,"mat",163.285066,-77.62695269,1
"679",857,"mat",163.1026546,-77.60081353,1
"680",125,"mat",163.1352673,-77.65217698,1
"681",856,"mat",163.2949272,-77.62931693,1
"682",611,"mat",163.1775113,-77.63592723,1
"683",963,"mat",163.2003981,-77.65179433,1
"684",467,"mat",163.2069303,-77.64331062,1
"685",717,"mat",163.2059286,-77.6515604,1
"686",280,"mat",163.3148458,-77.6140232,1
"687",197,"mat",163.1452117,-77.64661547,1
"688",620,"mat",163.0394253,-77.61314976,1
"689",753,"mat",163.2144817,-77.59153397,1
"690",409,"mat",163.0967617,-77.65635166,1
"691",365,"mat",163.1966732,-77.65212508,1
"692",505,"mat",163.095722,-77.65380545,1
"693",657,"mat",163.255384,-77.63006047,1
"694",749,"mat",163.2118449,-77.64349852,1
"695",285,"mat",163.0516303,-77.64615263,1
"696",834,"mat",163.260972,-77.61427742,1
"697",740,"mat",163.1066333,-77.59796754,1
"698",282,"mat",163.251799,-77.5859496,1
"699",917,"mat",163.1293713,-77.64112631,1
"700",137,"mat",163.0721412,-77.6149447,1
"701",339,"mat",163.0303802,-77.62991837,1
"702",229,"mat",163.2457316,-77.58374137,1
"703",262,"mat",163.2074483,-77.64868878,1
"704",880,"mat",163.2032148,-77.64881224,1
"705",927,"mat",163.1999745,-77.65078299,1
"706",565,"mat",163.2910221,-77.63097754,1
"707",838,"mat",163.243859,-77.58451857,1
"708",64,"mat",163.2394938,-77.61444568,1
"709",256,"mat",163.1572426,-77.6549149,1
"710",965,"mat",163.2912654,-77.63017279,1
"711",228,"mat",163.1410241,-77.58986009,1
"712",265,"mat",163.2318318,-77.63429036,1
"713",191,"mat",163.2506619,-77.63175917,1
"714",830,"mat",163.3154978,-77.58914327,1
"715",15,"mat",163.1691715,-77.64445284,1
"716",269,"mat",163.0617418,-77.62291588,1
"717",463,"mat",163.282262,-77.58993065,1
"718",827,"mat",163.287465,-77.62173549,1
"719",433,"mat",163.2930905,-77.63047862,1
"720",584,"mat",163.2057394,-77.64450376,1
"721",338,"mat",163.2604274,-77.58936872,1
"722",9,"mat",163.2586363,-77.62997563,1
"723",819,"mat",163.2589416,-77.62001672,1
"724",431,"mat",163.3332143,-77.58916195,1
"725",105,"mat",163.2882835,-77.62812547,1
"726",701,"mat",163.2878465,-77.62704442,1
"727",422,"mat",163.0438518,-77.61351716,1
"728",151,"mat",163.2879325,-77.62788255,1
"729",462,"mat",163.0932,-77.5968339,1
"730",829,"mat",163.2066562,-77.64215887,1
"731",162,"mat",163.2588029,-77.58937623,1
"732",43,"mat",163.243008,-77.58906444,1
"733",731,"mat",163.0137476,-77.61170917,1
"734",132,"mat",163.057423,-77.61419858,1
"735",466,"mat",163.2789122,-77.61615052,1
"736",529,"mat",163.0073687,-77.63164614,1
"737",270,"mat",163.1825381,-77.63042032,1
"738",702,"mat",163.1104184,-77.5984762,1
"739",453,"mat",162.9992011,-77.60893303,1
"740",551,"mat",163.0776219,-77.61429426,1
"741",686,"mat",163.1215802,-77.64706272,1
"742",76,"mat",163.0153361,-77.63137211,1
"743",69,"mat",163.1643546,-77.64531188,1
"744",201,"mat",163.2101869,-77.62970534,1
"745",414,"mat",163.1235542,-77.64722931,1
"746",330,"mat",163.2344677,-77.63455798,1
"747",32,"mat",163.2236231,-77.63541031,1
"748",696,"mat",163.2304353,-77.5884577,1
"749",719,"mat",163.1295308,-77.63927399,1
"750",146,"mat",163.1184628,-77.62310875,1
"751",142,"mat",163.0448196,-77.61340865,1
"752",744,"mat",163.0407621,-77.6135639,1
"753",761,"mat",163.2687319,-77.6233954,1
"754",930,"mat",163.1300055,-77.6427308,1
"755",859,"mat",163.0556049,-77.62356852,1
"756",546,"mat",163.2893801,-77.61341098,1
"757",397,"mat",163.032124,-77.61345696,1
"758",563,"mat",163.1987856,-77.65201102,1
"759",380,"mat",163.2396939,-77.58841572,1
"760",802,"mat",163.2043363,-77.65198666,1
"761",816,"mat",163.2251409,-77.63425055,1
"762",127,"mat",163.0120817,-77.63145405,1
"763",976,"mat",163.1293934,-77.64137078,1
"764",552,"mat",163.2015534,-77.65021705,1
"765",41,"mat",163.2004583,-77.65242295,1
"766",707,"mat",163.256111,-77.63732435,1
"767",130,"mat",163.1160642,-77.6492863,1
"768",27,"mat",163.2150326,-77.63597269,1
"769",331,"mat",163.2064859,-77.62682186,1
"770",545,"mat",163.2087874,-77.64564326,1
"771",393,"mat",163.2219992,-77.63381042,1
"772",375,"mat",163.2701111,-77.6160868,1
"773",528,"mat",163.0702235,-77.61537146,1
"774",575,"mat",163.10548,-77.59779753,1
"775",203,"mat",163.0391536,-77.615771,1
"776",781,"mat",163.285239,-77.61909062,1
"777",577,"mat",163.2048819,-77.65086625,1
"778",113,"mat",163.1956337,-77.65321269,1
"779",441,"mat",163.0540317,-77.62423838,1
"780",75,"mat",163.0739079,-77.61465827,1
"781",56,"mat",163.1386437,-77.65338576,1
"782",982,"mat",163.2486913,-77.59557193,1
"783",31,"mat",163.3391199,-77.5988462,1
"784",222,"mat",163.0725967,-77.61455861,1
"785",692,"mat",163.2073777,-77.64456641,1
"786",735,"mat",163.0193822,-77.6450519,1
"787",345,"mat",163.1323339,-77.60526864,1
"788",924,"mat",163.2122946,-77.63633423,1
"789",44,"mat",163.028905,-77.63181047,1
"790",817,"mat",163.2212453,-77.63444267,1
"791",33,"mat",163.2038588,-77.65041655,1
"792",152,"mat",163.3267174,-77.58765634,1
"793",427,"mat",163.1109431,-77.5988933,1
"794",837,"mat",163.2902697,-77.6300028,1
"795",947,"mat",163.2115479,-77.63029326,1
"796",182,"mat",163.2883548,-77.62564446,1
"797",63,"mat",163.2201242,-77.5994397,1
"798",967,"mat",163.3322544,-77.58930641,1
"799",474,"mat",163.0430255,-77.61729342,1
"800",614,"mat",163.1722651,-77.64436973,1
"801",712,"mat",163.253653,-77.61763029,1
"802",909,"mat",163.2103485,-77.63138165,1
"803",566,"mat",163.206469,-77.6486931,1
"804",994,"mat",163.2165209,-77.63449868,1
"805",332,"mat",163.1478246,-77.59849595,1
"806",294,"mat",163.2098326,-77.63110443,1
"807",511,"mat",163.1855015,-77.64798116,1
"808",155,"mat",163.150437,-77.64662849,1
"809",436,"mat",163.2886902,-77.6304994,1
"810",426,"mat",163.1616622,-77.58984274,1
"811",61,"mat",163.0255564,-77.63074004,1
"812",223,"mat",163.1030382,-77.59962413,1
"813",461,"mat",163.2857555,-77.59071778,1
"814",140,"mat",163.263829,-77.62649274,1
"815",210,"mat",163.0490515,-77.61339242,1
"816",881,"mat",163.2068597,-77.64257723,1
"817",774,"mat",163.234121,-77.63434991,1
"818",208,"mat",163.2287617,-77.63458368,1
"819",559,"mat",163.2895281,-77.62913283,1
"820",581,"mat",163.2074046,-77.64484579,1
"821",960,"mat",163.1967633,-77.65306801,1
"822",508,"mat",163.2021896,-77.65003957,1
"823",114,"mat",163.2846472,-77.62604625,1
"824",403,"mat",163.1775343,-77.6361717,1
"825",167,"mat",163.2733097,-77.58979795,1
"826",849,"mat",163.0061802,-77.61072404,1
"827",221,"mat",163.0475604,-77.61308372,1
"828",446,"mat",163.0787523,-77.61418499,1
"829",334,"mat",163.2565449,-77.64165475,1
"830",605,"mat",163.2473829,-77.58401332,1
"831",452,"mat",163.2848575,-77.6312861,1
"832",530,"mat",163.2093929,-77.64515146,1
"833",141,"mat",163.0408373,-77.61447195,1
"834",306,"mat",163.2493422,-77.58575125,1
"835",776,"mat",163.1984973,-77.64558371,1
"836",70,"mat",163.2893364,-77.62885422,1
"837",572,"mat",163.1121336,-77.59948237,1
"838",347,"mat",163.0925564,-77.61189414,1
"839",7,"mat",163.2032931,-77.62582274,1
"840",782,"mat",163.2210483,-77.63409417,1
"841",683,"mat",163.203993,-77.65181348,1
"842",933,"mat",163.2080321,-77.64627548,1
"843",200,"mat",163.1285149,-77.64067567,1
"844",52,"mat",163.2868463,-77.59025842,1
"845",766,"mat",163.0986909,-77.59454094,1
"846",868,"mat",163.2070849,-77.64830607,1
"847",98,"mat",163.2081129,-77.64711364,1
"848",468,"mat",163.2784444,-77.62275616,1
"849",595,"mat",163.1016392,-77.60036346,1
"850",562,"mat",163.1281167,-77.64169048,1
"851",333,"mat",163.2154744,-77.6354816,1
"852",53,"mat",163.2439364,-77.63958113,1
"853",447,"mat",163.2024735,-77.65129609,1
"854",878,"mat",163.1740389,-77.65285196,1
"855",582,"mat",163.2130914,-77.63276701,1
"856",517,"mat",163.205963,-77.64513166,1
"857",62,"mat",163.0595715,-77.61457455,1
"858",768,"mat",163.2065213,-77.64753992,1
"859",296,"mat",163.282823,-77.62574037,1
"860",779,"mat",163.1185184,-77.63470758,1
"861",860,"mat",163.0714174,-77.60072845,1
"862",177,"mat",163.2906382,-77.62248917,1
"863",583,"mat",163.2023327,-77.64982932,1
"864",663,"mat",163.073112,-77.60152532,1
"865",656,"mat",163.2152572,-77.63492355,1
"866",205,"mat",163.2264485,-77.60758685,1
"867",23,"mat",163.0268298,-77.61242885,1
"868",743,"mat",163.251245,-77.61634862,1
"869",149,"mat",163.1377463,-77.65069933,1
"870",907,"mat",163.2595977,-77.58919787,1
"871",806,"mat",163.2161508,-77.63404613,1
"872",329,"mat",163.2752558,-77.59136109,1
"873",491,"mat",163.2343799,-77.63200788,1
"874",725,"mat",163.2838557,-77.61990072,1
"875",378,"mat",163.2850374,-77.62667332,1
"876",81,"mat",163.282094,-77.63136896,1
"877",126,"mat",163.213784,-77.63318319,1
"878",587,"mat",163.2142899,-77.63335564,1
"879",120,"mat",163.2075341,-77.64788483,1
"880",428,"mat",163.204296,-77.65156758,1
"881",968,"mat",163.3001675,-77.6263921,1
"882",516,"mat",163.2277801,-77.63455316,1
"883",624,"mat",163.29618,-77.62092561,1
"884",178,"mat",163.1028671,-77.59581673,1
"885",370,"mat",163.2334483,-77.63414332,1
"886",286,"mat",163.2613772,-77.6199356,1
"887",647,"mat",163.2966061,-77.62347414,1
"888",828,"mat",163.0403085,-77.61398486,1
"889",865,"mat",163.0933608,-77.59868489,1
"890",487,"mat",163.2089741,-77.645887,1
"891",942,"mat",163.208158,-77.64250162,1
"892",726,"mat",163.2094165,-77.64539592,1
"893",519,"mat",163.0258476,-77.61236267,1
"894",490,"mat",163.2222495,-77.58950776,1
"895",748,"mat",163.2795146,-77.59008333,1
"896",540,"mat",163.3461231,-77.58829485,1
"897",777,"mat",163.3340851,-77.6019805,1
"898",988,"mat",163.204988,-77.65027183,1
"899",864,"mat",163.2264698,-77.6228198,1
"900",970,"mat",163.269584,-77.58992016,1
"901",401,"mat",163.1364465,-77.65437313,1
"902",553,"mat",163.0493979,-77.62533924,1
"903",495,"mat",163.1096824,-77.62331925,1
"904",539,"mat",163.2881473,-77.62679843,1
"905",813,"mat",163.2130997,-77.63622584,1
"906",11,"mat",163.071623,-77.61459737,1
"907",10,"mat",163.2168622,-77.64137996,1
"908",862,"mat",163.2011139,-77.65074305,1
"909",95,"mat",163.2412951,-77.64092079,1
"910",929,"mat",163.2297183,-77.61106595,1
"911",48,"mat",163.101127,-77.60008603,1
"912",264,"mat",163.043875,-77.61379656,1
"913",952,"mat",163.2202469,-77.64262266,1
"914",366,"mat",163.1784765,-77.63578332,1
"915",840,"mat",163.1103494,-77.62349122,1
"916",389,"mat",163.0427728,-77.61621136,1
"917",973,"mat",163.2039649,-77.6260294,1
"918",234,"mat",163.2748035,-77.59010541,1
"919",387,"mat",163.1824685,-77.64006342,1
"920",937,"mat",163.2048516,-77.65055194,1
"921",713,"mat",163.0026927,-77.60577602,1
"922",695,"mat",163.2009247,-77.65217634,1
"923",613,"mat",163.2546187,-77.59631336,1
"924",57,"mat",163.3154646,-77.59815777,1
"925",951,"mat",163.1949208,-77.64745106,1
"926",510,"mat",163.2646935,-77.59948115,1
"927",714,"mat",163.0238889,-77.61230015,1
"928",941,"mat",163.2052742,-77.64985132,1
"929",640,"mat",163.2700554,-77.62681325,1
"930",507,"mat",163.308829,-77.59846923,1
"931",755,"mat",163.1685352,-77.64463025,1
"932",699,"mat",163.0054183,-77.63172319,1
"933",374,"mat",163.3175156,-77.5975539,1
"934",618,"mat",163.2160995,-77.63519931,1
"935",925,"mat",163.2144007,-77.63618513,1
"936",293,"mat",163.2859398,-77.62593535,1
"937",232,"mat",163.2164459,-77.6354074,1
"938",863,"mat",163.2009682,-77.65263034,1
"939",319,"mat",163.0062557,-77.6319996,1
"940",55,"mat",163.1569972,-77.59213352,1
"941",723,"mat",163.1730562,-77.65456811,1
"942",412,"mat",163.2619661,-77.61444752,1
"943",914,"mat",163.228357,-77.63378192,1
"944",314,"mat",163.0525714,-77.62431389,1
"945",913,"mat",163.2411971,-77.58882813,1
"946",238,"mat",163.1394506,-77.65327759,1
"947",854,"mat",163.2647,-77.58983806,1
"948",659,"mat",163.3376792,-77.59906291,1
"949",622,"mat",163.1002204,-77.65294892,1
"950",302,"mat",163.2221908,-77.62238479,1
"951",861,"mat",163.0369695,-77.61298442,1
"952",833,"mat",163.1101442,-77.59536794,1
"953",418,"mat",163.0170081,-77.61176691,1
"954",642,"mat",163.2043108,-77.62623751,1
"955",770,"mat",163.296691,-77.58958284,1
"956",93,"mat",163.0635833,-77.59848826,1
"957",255,"mat",163.1919919,-77.65270451,1
"958",667,"mat",163.2904775,-77.59080027,1
"959",847,"mat",163.2812648,-77.63123309,1
"960",459,"mat",163.2560515,-77.59763442,1
"961",251,"mat",163.294269,-77.62135394,1
"962",326,"mat",163.0479157,-77.61734456,1
"963",295,"mat",163.2008276,-77.65116356,1
"964",628,"mat",163.0543428,-77.6240625,1
"965",230,"mat",163.2037199,-77.64217181,1
"966",720,"mat",163.0535137,-77.62389102,1
"967",985,"mat",163.3194855,-77.5884252,1
"968",835,"mat",163.1916853,-77.65291547,1
"969",522,"mat",163.2358606,-77.63214094,1
"970",249,"mat",163.2297262,-77.63443959,1
"971",420,"mat",163.122475,-77.63518048,1
"972",649,"mat",163.3332638,-77.61725311,1
"973",321,"mat",163.201797,-77.6510545,1
"974",848,"mat",163.1593782,-77.58974766,1
"975",274,"mat",163.2889603,-77.62836685,1
"976",89,"mat",163.2079747,-77.6422928,1
"977",629,"mat",163.0489471,-77.62579515,1
"978",144,"mat",163.2498572,-77.5860284,1
"979",22,"mat",163.0734176,-77.62035483,1
"980",957,"mat",163.3248587,-77.59933515,1
"981",362,"mat",163.2198765,-77.63378496,1
"982",483,"mat",163.2345947,-77.60933196,1
"983",602,"mat",163.0308132,-77.6133571,1
"984",959,"mat",163.1720531,-77.59496898,1
"985",317,"mat",163.2063951,-77.64792479,1
"986",192,"mat",163.0731119,-77.61487102,1
"987",451,"mat",163.0298137,-77.61308139,1
"988",107,"mat",163.2249242,-77.58359121,1
"989",202,"mat",163.2057471,-77.64967454,1
"990",631,"mat",163.1491027,-77.64631966,1
"991",638,"mat",163.1405343,-77.64544714,1
"992",873,"mat",163.3423772,-77.60955666,1
"993",585,"mat",163.2166332,-77.58352356,1
"994",243,"mat",163.2071658,-77.64236625,1
"995",612,"mat",163.2032193,-77.65055912,1
"996",590,"mat",163.2111567,-77.63130819,1
"997",790,"mat",163.2715259,-77.6220198,1
"998",573,"mat",163.0164583,-77.63314966,1
"999",38,"mat",163.2086729,-77.64445588,1
"1000",718,"mat",163.2075913,-77.64508954,1
